,text,favorited,favoriteCount,replyToSN,created,truncated,replyToSID,id,replyToUID,statusSource,screenName,retweetCount,isRetweet,retweeted,longitude,latitude
1,I called an UberX and a Taxi came to pick me up. The world has come full circle.,FALSE,0,NA,12/2/2021 14:14,FALSE,NA,1.46641E+18,NA,"<a href=""http://twitter.com/download/iphone"" rel=""nofollow"">Twitter for iPhone</a>",MarthaDreiling,0,FALSE,FALSE,NA,NA
2,"@hexowa @RichardHeartWin We were driking at the bar when we saw Richard passing by to take a taxi ;)

Pure lucky ;)",FALSE,6,hexowa,12/2/2021 7:49,FALSE,1.46613E+18,1.46631E+18,43597569,"<a href=""http://twitter.com/download/android"" rel=""nofollow"">Twitter for Android</a>",dolomiteHEX,0,FALSE,FALSE,NA,NA
3,@Miriam2626 @BetoORourke If you ever need a vacation … or if someone you know needs a ‘vacation’ for essential medi… https://t.co/SKCSb8d1iz,FALSE,5,Miriam2626,12/2/2021 7:37,TRUE,1.46626E+18,1.46631E+18,96648433,"<a href=""http://twitter.com/download/iphone"" rel=""nofollow"">Twitter for iPhone</a>",Melandrastar,3,FALSE,FALSE,NA,NA
4,how i get taxi for my dad in dc,FALSE,0,NA,12/2/2021 7:32,FALSE,NA,1.46631E+18,NA,"<a href=""http://twittbot.net/"" rel=""nofollow"">twittbot.net</a>",geoffyeos4real,0,FALSE,FALSE,NA,NA
5,@alafzaar @reza_anesthesia @LEs1985 Fake taxi?,FALSE,0,alafzaar,12/2/2021 6:18,FALSE,1.46602E+18,1.46629E+18,4915062613,"<a href=""http://twitter.com/download/android"" rel=""nofollow"">Twitter for Android</a>",R0u7e66,0,FALSE,FALSE,NA,NA
6,@crgibs @biboofficial It’s true.  I’ve gone back to using my neighborhood taxi service.  I just have to book them w… https://t.co/kmCAkDlcg6,FALSE,1,crgibs,12/2/2021 5:44,TRUE,1.46577E+18,1.46628E+18,60490731,"<a href=""http://twitter.com/#!/download/ipad"" rel=""nofollow"">Twitter for iPad</a>",MiaMcCall18,0,FALSE,FALSE,NA,NA
7,@paula98270 Yesterday it was horn honking. I thought we were being invaded by NYC taxi cabs.,FALSE,1,paula98270,12/2/2021 5:12,FALSE,1.46627E+18,1.46627E+18,136013285,"<a href=""http://twitter.com/download/iphone"" rel=""nofollow"">Twitter for iPhone</a>",ihatethemedia,0,FALSE,FALSE,NA,NA
8,"Before long, Max catches sight of a large green sign that reads Departures, Terminal 4 with an arrow and he looks a… https://t.co/7ehS2JbmHY",FALSE,12,needle428,12/2/2021 5:08,TRUE,1.46627E+18,1.46627E+18,1.39772E+18,"<a href=""http://twitter.com/download/iphone"" rel=""nofollow"">Twitter for iPhone</a>",needle428,0,FALSE,FALSE,NA,NA
9,"Apple Car project sees latest staff turnover as ex-Tesla engineer leaves for air taxi startup
https://t.co/6k1ogfs4lX by @Writer_01001101",FALSE,181,NA,12/2/2021 4:17,FALSE,NA,1.46626E+18,NA,"<a href=""https://www.hootsuite.com"" rel=""nofollow"">Hootsuite Inc.</a>",Teslarati,20,FALSE,FALSE,NA,NA
10,"After already being delayed 3.5 for our @AlaskaAir flight back home, we go to taxi &amp;stop for 20mins then are told a… https://t.co/1yhJQ7Inlj",FALSE,0,NA,12/2/2021 3:30,TRUE,NA,1.46625E+18,NA,"<a href=""http://twitter.com/download/iphone"" rel=""nofollow"">Twitter for iPhone</a>",coco_Sarah,0,FALSE,FALSE,NA,NA
11,CRIES IN AIRPORT TAXI MODE https://t.co/SfPvVdUakP,FALSE,143,NA,12/2/2021 2:52,FALSE,NA,1.46624E+18,NA,"<a href=""http://twitter.com/download/iphone"" rel=""nofollow"">Twitter for iPhone</a>",withlovebts7,2,FALSE,FALSE,NA,NA
12,"This is general, but I talk about cancel culture so everyone knows I separate art/artist &amp; encourage growth for all… https://t.co/Pww6yHV3bj",FALSE,5,NA,12/1/2021 22:32,TRUE,NA,1.46617E+18,NA,"<a href=""http://twitter.com/download/iphone"" rel=""nofollow"">Twitter for iPhone</a>",AllyKeyoni,1,FALSE,FALSE,NA,NA
13,among a number of influences (TAXI DRIVER? THE WAGES OF FEAR??) more than a few shades of RUSHMORE in this one!,FALSE,4,dannyhensel,12/1/2021 22:20,FALSE,1.46617E+18,1.46617E+18,405186438,"<a href=""http://twitter.com/download/iphone"" rel=""nofollow"">Twitter for iPhone</a>",dannyhensel,0,FALSE,FALSE,NA,NA
14,This dude snagged a taxi before me. #nyc https://t.co/CB5LW73ZWD,FALSE,2,NA,12/1/2021 21:43,FALSE,NA,1.46616E+18,NA,"<a href=""http://twitter.com/download/iphone"" rel=""nofollow"">Twitter for iPhone</a>",ScarletRobinson,0,FALSE,FALSE,NA,NA
15,.#FollowUs and stay up to date for #transportation ideas and topics of interest to you. #DCYELLOWcAB #YELLOW #TAXI… https://t.co/20mwkNyPTr,FALSE,1,NA,12/1/2021 21:27,TRUE,NA,1.46616E+18,NA,"<a href=""https://mobile.twitter.com"" rel=""nofollow"">Twitter Web App</a>",DCYellowCab,0,FALSE,FALSE,NA,NA
16,@Cementley Landed at Dulles (womp) at midnight on my way back from Cali in October. Uber/Lyft to NW DC = ~135. Taxi plus tip = 75,FALSE,1,Cementley,12/1/2021 20:30,FALSE,1.46612E+18,1.46614E+18,44686128,"<a href=""http://twitter.com/download/iphone"" rel=""nofollow"">Twitter for iPhone</a>",Jesse_Adelman,0,FALSE,FALSE,NA,NA
17,@HillaryClinton God bless America and Americans<U+0001F1FA><U+0001F1F8><U+2764><U+FE0F><U+0001F499><U+0001F90D><U+0001F6D0> Pray for all.,FALSE,0,HillaryClinton,12/1/2021 20:14,FALSE,1.46605E+18,1.46614E+18,1339835893,"<a href=""http://twitter.com/download/iphone"" rel=""nofollow"">Twitter for iPhone</a>",politician_taxi,0,FALSE,FALSE,NA,NA
18,"@HillaryClinton That’s why women aren’t getting the respect they deserve, now we need to leave the party systems be… https://t.co/Mg5gFg8lDi",FALSE,0,HillaryClinton,12/1/2021 20:14,TRUE,1.46605E+18,1.46614E+18,1339835893,"<a href=""http://twitter.com/download/iphone"" rel=""nofollow"">Twitter for iPhone</a>",politician_taxi,0,FALSE,FALSE,NA,NA
19,"@HillaryClinton Secretary Hillary Clinton, I am TaxiPolitician. Everywhere I have went in the world, I found out pe… https://t.co/gy72lmgb5x",FALSE,0,HillaryClinton,12/1/2021 20:12,TRUE,1.46605E+18,1.46614E+18,1339835893,"<a href=""http://twitter.com/download/iphone"" rel=""nofollow"">Twitter for iPhone</a>",politician_taxi,0,FALSE,FALSE,NA,NA
20,@cinema_gay The climax that begins on a plane and ends on the wildest taxi ride this side of Roger Rabbit is … something.,FALSE,1,cinema_gay,12/1/2021 19:59,FALSE,1.46613E+18,1.46613E+18,1.14485E+18,"<a href=""http://twitter.com/download/iphone"" rel=""nofollow"">Twitter for iPhone</a>",JJSingh,0,FALSE,FALSE,NA,NA
21,@OMGLilaaay I’m gonna charge them like a taxi would <U+0001F602>,FALSE,1,OMGLilaaay,12/1/2021 19:30,FALSE,1.46612E+18,1.46613E+18,423015599,"<a href=""http://twitter.com/download/iphone"" rel=""nofollow"">Twitter for iPhone</a>",rarehearts,0,FALSE,FALSE,NA,NA
22,@marillion13 Taxi! <U+0001F43E>,FALSE,0,marillion13,12/1/2021 19:28,FALSE,1.46603E+18,1.46613E+18,1633121016,"<a href=""http://twitter.com/#!/download/ipad"" rel=""nofollow"">Twitter for iPad</a>",marisbellamy1,0,FALSE,FALSE,NA,NA
23,Remember that you MUST wear a mask while driving or riding in a taxi or shared ride vehicle https://t.co/bo691BEaOa,FALSE,0,NA,12/1/2021 19:27,FALSE,NA,1.46613E+18,NA,"<a href=""https://about.twitter.com/products/tweetdeck"" rel=""nofollow"">TweetDeck</a>",DC_DFHV,0,FALSE,FALSE,NA,NA
24,@ballsoutatihop It’s like if taxi driver was a song,FALSE,2,ballsoutatihop,12/1/2021 18:27,FALSE,1.46611E+18,1.46611E+18,1.27411E+18,"<a href=""http://twitter.com/download/iphone"" rel=""nofollow"">Twitter for iPhone</a>",highiqhaver,0,FALSE,FALSE,NA,NA
25,"finally saw Odd Taxi and the hype definitely makes sense now

would definitely consider it for AOTY, but right now… https://t.co/3EeDbb8EDT",FALSE,3,NA,12/1/2021 18:21,TRUE,NA,1.46611E+18,NA,"<a href=""https://mobile.twitter.com"" rel=""nofollow"">Twitter Web App</a>",UnagiiMH,0,FALSE,FALSE,NA,NA
26,Nothing like getting an email just as you step in your taxi to tell you that your train is cancelled <U+0001F643>,FALSE,1,NA,12/1/2021 18:11,FALSE,NA,1.46611E+18,NA,"<a href=""http://twitter.com/download/iphone"" rel=""nofollow"">Twitter for iPhone</a>",RachaelCAbbey,0,FALSE,FALSE,NA,NA
27,@nerdongaming @elonmusk @WholeMarsBlog People will choose based on economic cost: if it's far cheaper to call a Rob… https://t.co/bEXNDQWHiF,FALSE,0,Ajax777,12/1/2021 18:05,TRUE,1.46611E+18,1.46611E+18,19892274,"<a href=""http://twitter.com/download/iphone"" rel=""nofollow"">Twitter for iPhone</a>",Ajax777,0,FALSE,FALSE,NA,NA
28,@HarryMbike Different taxi firm too. They just find me. <U+0001F633><U+0001F633>,FALSE,0,HarryMbike,12/1/2021 17:42,FALSE,1.4661E+18,1.4661E+18,1247445403,"<a href=""http://twitter.com/download/android"" rel=""nofollow"">Twitter for Android</a>",SherlocksWife22,0,FALSE,FALSE,NA,NA
29,"@straycomrade @joeywreck You're missing the point, in favor of looking good. Castro the billionaire forced the medi… https://t.co/jqwLtv8o1Y",FALSE,0,straycomrade,12/1/2021 17:28,TRUE,1.46609E+18,1.4661E+18,1.42956E+18,"<a href=""http://twitter.com/download/android"" rel=""nofollow"">Twitter for Android</a>",TheDailyTrigge1,0,FALSE,FALSE,NA,NA
30,"last year:
12. Coyote
28. Big Yellow Taxi
50. Amelia",FALSE,0,dannyhensel,12/1/2021 17:24,FALSE,1.4661E+18,1.4661E+18,405186438,"<a href=""https://mobile.twitter.com"" rel=""nofollow"">Twitter Web App</a>",dannyhensel,0,FALSE,FALSE,NA,NA
31,"@Pentosh1 @abetrade Need to take a course on becoming a taxi driver, then I might make it",FALSE,0,Pentosh1,12/1/2021 16:50,FALSE,1.46609E+18,1.46609E+18,1.13899E+18,"<a href=""http://twitter.com/download/iphone"" rel=""nofollow"">Twitter for iPhone</a>",david_gg1,0,FALSE,FALSE,NA,NA
32,"Remember – impaired driving is 100 percent preventable. #DriveSober or designate a sober driver – a friend, ridesha… https://t.co/1G3kwS2YzI",FALSE,7,NTSB,12/1/2021 15:03,TRUE,1.46606E+18,1.46606E+18,161023696,"<a href=""https://mobile.twitter.com"" rel=""nofollow"">Twitter Web App</a>",NTSB,2,FALSE,FALSE,NA,NA
33,New York Times story about urban air mobility and the eVTOL aircraft industry. https://t.co/FQOvBQrUcw,FALSE,1,NA,12/1/2021 14:59,FALSE,NA,1.46606E+18,NA,"<a href=""https://mobile.twitter.com"" rel=""nofollow"">Twitter Web App</a>",bskorup,0,FALSE,FALSE,NA,NA
34,Wings With Me by Ini Kamoze on Ini Kamoze (Taxi) #NowPlaying,FALSE,0,NA,12/1/2021 14:45,FALSE,NA,1.46606E+18,NA,"<a href=""https://creek.org"" rel=""nofollow"">Tweet Your Songs</a>",WLOYisPlaying,0,FALSE,FALSE,NA,NA
35,12’s definitely get thee worst color ways. Flu Game/Taxi/Cherry/French Blue… if it ain’t that it’s mid,FALSE,0,NA,12/1/2021 14:15,FALSE,NA,1.46605E+18,NA,"<a href=""http://twitter.com/download/iphone"" rel=""nofollow"">Twitter for iPhone</a>",KenEyeKickIt,0,FALSE,FALSE,NA,NA
36,"BECOME A DRIVER WITH 001 TAXIS!

Click the link to apply: https://t.co/gAq3qgAHoI  

01865 240000
manager@001taxis.… https://t.co/LzbvFpMzDR",FALSE,1,NA,12/1/2021 13:59,TRUE,NA,1.46604E+18,NA,"<a href=""https://dashboard.heropost.io/"" rel=""nofollow"">Heropost</a>",001Taxis,0,FALSE,FALSE,NA,NA
37,Police officer strangled taxi driver with seatbelt on night out in Hull. https://t.co/4XItcCdhDn,FALSE,0,NA,12/1/2021 13:56,FALSE,NA,1.46604E+18,NA,"<a href=""http://twitter.com/download/android"" rel=""nofollow"">Twitter for Android</a>",Shackviral,1,FALSE,FALSE,NA,NA
38,"With the arrival of the Holidays and the approach of winter in the Northern Hemisphere, a longstanding problem is g… https://t.co/wQEHS2j6ut",FALSE,0,NA,12/1/2021 13:16,TRUE,NA,1.46603E+18,NA,"<a href=""http://www.linkedin.com/"" rel=""nofollow"">LinkedIn</a>",DEP_TranspoTech,0,FALSE,FALSE,NA,NA
39,#NowPlaying Demi Louise - Taxi Driver https://t.co/Sbr2zzW8Ze,FALSE,0,NA,12/1/2021 13:02,FALSE,NA,1.46603E+18,NA,"<a href=""https://www.radioking.com"" rel=""nofollow"">Radio King LiveTweet</a>",UiKRadio,0,FALSE,FALSE,NA,NA
40,"#bcafc
Most not shown anything for years &amp; the spine of this poor team

O'Donnell - Out
Paudie - Out
Watt - Out
Rob… https://t.co/qxfbHPZCI6",FALSE,0,NA,12/1/2021 12:13,TRUE,NA,1.46602E+18,NA,"<a href=""https://mobile.twitter.com"" rel=""nofollow"">Twitter Web App</a>",Aikyman,0,FALSE,FALSE,NA,NA
41,#NowPlaying Demi Louise - Taxi Driver https://t.co/E8pabGwpMM,FALSE,0,NA,12/1/2021 8:30,FALSE,NA,1.46596E+18,NA,"<a href=""https://www.radioking.com"" rel=""nofollow"">Radio King LiveTweet</a>",UiKRadio,0,FALSE,FALSE,NA,NA
42,Hell is a taxi that plays Southern All Stars and the driver sings along.,FALSE,4,NA,12/1/2021 7:56,FALSE,NA,1.46595E+18,NA,"<a href=""http://twitter.com/download/iphone"" rel=""nofollow"">Twitter for iPhone</a>",YabaiKankei,0,FALSE,FALSE,NA,NA
43,@BlickyIan @easyJet Going to be a long taxi either on arrival or departure.,FALSE,1,BlickyIan,12/1/2021 7:54,FALSE,1.46595E+18,1.46595E+18,2633906279,"<a href=""http://twitter.com/download/android"" rel=""nofollow"">Twitter for Android</a>",TomHam70488209,0,FALSE,FALSE,NA,NA
44,Uber prices love to play like I won’t catch a taxi. Jokes on them,FALSE,2,NA,12/1/2021 5:10,FALSE,NA,1.46591E+18,NA,"<a href=""http://twitter.com/download/iphone"" rel=""nofollow"">Twitter for iPhone</a>",Lauryn_Fanguen,0,FALSE,FALSE,NA,NA
45,". Did you know that 100% of a @DCYellowCab taxi driver's fare, goes to the driver? 100%! Come join a fleet that get… https://t.co/CDDeq5QSUs",FALSE,2,NA,12/1/2021 4:00,TRUE,NA,1.46589E+18,NA,"<a href=""https://mobile.twitter.com"" rel=""nofollow"">Twitter Web App</a>",DCYellowCab,2,FALSE,FALSE,NA,NA
46,watching TAXI reruns - damn this show has so much heart,FALSE,1,NA,12/1/2021 2:56,FALSE,NA,1.46588E+18,NA,"<a href=""http://twitter.com/download/android"" rel=""nofollow"">Twitter for Android</a>",SCadinski,0,FALSE,FALSE,NA,NA
47,"@KarakeMark With a hand in her pocket the other one hailing a taxi cab.
https://t.co/EPRI0eT8do",FALSE,0,KarakeMark,12/1/2021 2:19,FALSE,1.46587E+18,1.46587E+18,30981737,"<a href=""https://mobile.twitter.com"" rel=""nofollow"">Twitter Web App</a>",pathogenetics,0,FALSE,FALSE,NA,NA
48,We are out there working for you #24hours a day. Request a taxi here https://t.co/9hymmGq8Vo or call 2025441212. On… https://t.co/BfYgIGpgIz,FALSE,0,NA,12/1/2021 0:52,TRUE,NA,1.46585E+18,NA,"<a href=""http://twitter.com/download/android"" rel=""nofollow"">Twitter for Android</a>",DCYellowCab,0,FALSE,FALSE,NA,NA
49,@J_Tea282 My reward for finishing Odd Taxi was to start three new anime lol needless to say my Currently Watching l… https://t.co/1kFAJvXM6M,FALSE,2,J_Tea282,12/1/2021 0:19,TRUE,1.46582E+18,1.46584E+18,1.30015E+18,"<a href=""https://mobile.twitter.com"" rel=""nofollow"">Twitter Web App</a>",marisawithones_,0,FALSE,FALSE,NA,NA
50,@decouplefromCCP @IAFFLeg Our neighboring department uses Taxi vouchers. If the medic does not deem your transport… https://t.co/3r0pR8PC5N,FALSE,0,decouplefromCCP,11/30/2021 23:49,TRUE,1.46574E+18,1.46583E+18,1.19839E+18,"<a href=""http://twitter.com/download/android"" rel=""nofollow"">Twitter for Android</a>",IAFFPrezF253,0,FALSE,FALSE,NA,NA
51,"@emanuelrob @blooooobird69 Yep, a great afternoon, a few <U+0001F37A><U+0001F37A><U+0001F37A> then a taxi home via Wenvoe <U+0001F602>. Great company also… https://t.co/wUSsWo4Ddi",FALSE,1,emanuelrob,11/30/2021 22:51,TRUE,1.46581E+18,1.46582E+18,102405640,"<a href=""http://twitter.com/download/iphone"" rel=""nofollow"">Twitter for iPhone</a>",Tonys01v1t,0,FALSE,FALSE,NA,NA
52,"Hi plane, please taxi faster so I can get to #answinter https://t.co/tWBQVqd6ab",FALSE,18,NA,11/30/2021 22:19,FALSE,NA,1.46581E+18,NA,"<a href=""http://twitter.com/download/android"" rel=""nofollow"">Twitter for Android</a>",PeterHotvedt,2,FALSE,FALSE,NA,NA
53,#FollowUs and stay up to date for #transportation ideas and topics of interest to you. #DCYELLOWcAB #YELLOW #TAXI… https://t.co/olma3YKnYE,FALSE,0,NA,11/30/2021 22:00,TRUE,NA,1.4658E+18,NA,"<a href=""https://mobile.twitter.com"" rel=""nofollow"">Twitter Web App</a>",DCYellowCab,0,FALSE,FALSE,NA,NA
54,We are out there working for you #24hours a day. Request a taxi here https://t.co/9hymmG8xwO or call 2025441212. On… https://t.co/V5OSQwsVPK,FALSE,0,NA,11/30/2021 22:00,TRUE,NA,1.4658E+18,NA,"<a href=""https://mobile.twitter.com"" rel=""nofollow"">Twitter Web App</a>",DCYellowCab,0,FALSE,FALSE,NA,NA
55,#NowPlaying Demi Louise - Taxi Driver https://t.co/lJku0HVHG1,FALSE,0,NA,11/30/2021 20:18,FALSE,NA,1.46578E+18,NA,"<a href=""https://www.radioking.com"" rel=""nofollow"">Radio King LiveTweet</a>",UiKRadio,0,FALSE,FALSE,NA,NA
56,"@WBGO The Taking of Pelham 123 (original)
The Long Goodbye
Taxi Driver
In Cold Blood",FALSE,2,WBGO,11/30/2021 20:11,FALSE,1.46577E+18,1.46578E+18,24775894,"<a href=""http://twitter.com/#!/download/ipad"" rel=""nofollow"">Twitter for iPad</a>",cwallace_bass,1,FALSE,FALSE,NA,NA
57,@Stop_Trump20 Taxi!!!,FALSE,0,Stop_Trump20,11/30/2021 19:20,FALSE,1.46542E+18,1.46576E+18,3334843313,"<a href=""http://twitter.com/download/iphone"" rel=""nofollow"">Twitter for iPhone</a>",jmm0706,0,FALSE,FALSE,NA,NA
58,We stand proud as an industry leader for 24 Hour Taxi services in the Herndon area. Give us a call at (571) 207-888… https://t.co/mY0HlbADSJ,FALSE,0,NA,11/30/2021 19:01,TRUE,NA,1.46576E+18,NA,"<a href=""https://app.sendible.com"" rel=""nofollow"">Sendible</a>",RestonTaxiSer,0,FALSE,FALSE,NA,NA
59,We are out there working for you #24hours a day. Request a taxi here https://t.co/9hymmG8xwO or call 2025441212. On… https://t.co/c7YbaklSXa,FALSE,0,NA,11/30/2021 19:00,TRUE,NA,1.46576E+18,NA,"<a href=""https://mobile.twitter.com"" rel=""nofollow"">Twitter Web App</a>",DCYellowCab,0,FALSE,FALSE,NA,NA
60,@GBNEWS 1s a Taxi the other is a Private hire <U+0001F44D> https://t.co/g8zMjODHj3,FALSE,1,GBNEWS,11/30/2021 17:49,FALSE,1.46565E+18,1.46574E+18,1.33917E+18,"<a href=""http://twitter.com/download/iphone"" rel=""nofollow"">Twitter for iPhone</a>",londonvitotaxi2,0,FALSE,FALSE,NA,NA
61,"@tumisole @FordSouthAfrica @TumeloSole @TrueLoveMag Well deserved, Tumi!! Congratulations to the girls as well!! <U+0001F37E>.… https://t.co/LbU34nMbAc",FALSE,9,tumisole,11/30/2021 17:49,TRUE,1.46573E+18,1.46574E+18,171977969,"<a href=""http://twitter.com/download/iphone"" rel=""nofollow"">Twitter for iPhone</a>",solomon387,1,FALSE,FALSE,NA,NA
62,@pigletish Taxi Driver,FALSE,0,pigletish,11/30/2021 17:33,FALSE,1.4654E+18,1.46574E+18,562842852,"<a href=""http://twitter.com/download/android"" rel=""nofollow"">Twitter for Android</a>",CheshirreRat,0,FALSE,FALSE,NA,NA
63,@writerbxtch Damn. That’s wild. Smart move on the taxi.,FALSE,0,writerbxtch,11/30/2021 17:24,FALSE,1.46573E+18,1.46573E+18,1.13373E+18,"<a href=""http://twitter.com/download/iphone"" rel=""nofollow"">Twitter for iPhone</a>",PG3times13,0,FALSE,FALSE,NA,NA
64,France to test flying taxi routes ahead of 2024 Summer Olympics https://t.co/Dmf8jsZFNi,FALSE,1,NA,11/30/2021 16:53,FALSE,NA,1.46573E+18,NA,"<a href=""https://mobile.twitter.com"" rel=""nofollow"">Twitter Web App</a>",TechOnTires,0,FALSE,FALSE,NA,NA
65,". Did you know that 100 % of a @DCYellowCab taxi driver's fare, goes to the driver? 100%! Come join a fleet that ge… https://t.co/NAfrz9esgB",FALSE,1,NA,11/30/2021 16:30,TRUE,NA,1.46572E+18,NA,"<a href=""https://mobile.twitter.com"" rel=""nofollow"">Twitter Web App</a>",DCYellowCab,1,FALSE,FALSE,NA,NA
66,".We have what you need to get around the #DMV. 202-544-1212 or https://t.co/b1cky8ho11
#taxi #book #dctaxi #dc… https://t.co/6pec7gV3UI",FALSE,1,NA,11/30/2021 15:59,TRUE,NA,1.46571E+18,NA,"<a href=""https://mobile.twitter.com"" rel=""nofollow"">Twitter Web App</a>",DCYellowCab,0,FALSE,FALSE,NA,NA
67,It's cold! Don't wait outside for your ride. Request a taxi in advance or right away on the #dcyellowcabapp or… https://t.co/uOMJ79NN4v,FALSE,2,NA,11/30/2021 15:15,TRUE,NA,1.4657E+18,NA,"<a href=""https://mobile.twitter.com"" rel=""nofollow"">Twitter Web App</a>",DCYellowCab,0,FALSE,FALSE,NA,NA
68,"You’re already planning for the mashed potatoes, stuffing, and pumpkin pie. Plan for a designated driver, too &amp; if… https://t.co/YmrzriaBUM",FALSE,0,NA,11/30/2021 15:09,TRUE,NA,1.4657E+18,NA,"<a href=""https://mobile.twitter.com"" rel=""nofollow"">Twitter Web App</a>",JHCCTraumaBurn,0,FALSE,FALSE,NA,NA
69,#FollowUs and stay up to date for #transportation ideas and topics of interest to you. #DCYELLOWcAB #YELLOW #TAXI… https://t.co/KG5VWkO9Dr,FALSE,0,NA,11/30/2021 14:48,TRUE,NA,1.46569E+18,NA,"<a href=""https://mobile.twitter.com"" rel=""nofollow"">Twitter Web App</a>",DCYellowCab,0,FALSE,FALSE,NA,NA
70,You’ve got to check out this 1982 episode of TAXI with Christopher Lloyd and a guest appearance of Tom Hanks.… https://t.co/dGxxYUWEP2,FALSE,0,NA,11/30/2021 14:28,TRUE,NA,1.46569E+18,NA,"<a href=""http://twitter.com/download/iphone"" rel=""nofollow"">Twitter for iPhone</a>",NotThat_JC,0,FALSE,FALSE,NA,NA
71,A New York City Taxi Problem.  #Hacks #Medallions #NewYorkCity #Taxicabs #in #blogboost #adjuvancy… https://t.co/3rw8WyHPxr,FALSE,0,NA,11/30/2021 13:44,TRUE,NA,1.46568E+18,NA,"<a href=""https://www.blog2social.com"" rel=""nofollow"">Blog2Social APP</a>",RAAckerman,0,FALSE,FALSE,NA,NA
72,@business Try flagging down a local taxi in Berlin as a black person and watch what happens. The older folks stare… https://t.co/jnrUXOHEJC,FALSE,0,business,11/30/2021 13:08,TRUE,1.46564E+18,1.46567E+18,34713362,"<a href=""http://twitter.com/download/iphone"" rel=""nofollow"">Twitter for iPhone</a>",socialdist2020,0,FALSE,FALSE,NA,NA
73,"@itvcalendar So basically have to get on bus to nightclub with a mask on, then take it off in nightclub where there… https://t.co/igONAgTBI8",FALSE,0,itvcalendar,11/30/2021 11:23,TRUE,1.46563E+18,1.46564E+18,15579360,"<a href=""http://twitter.com/download/android"" rel=""nofollow"">Twitter for Android</a>",yorkshirepud72,0,FALSE,FALSE,NA,NA
74,Taxi Driver - Anytime Anywhere https://t.co/noxQsKRWjd,FALSE,0,NA,11/30/2021 9:48,FALSE,NA,1.46562E+18,NA,"<a href=""https://twangrila.com/twangrilaradio/"" rel=""nofollow"">TwangriLa Radio Playlist Update</a>",TwangriLa,0,FALSE,FALSE,NA,NA
75,@susanorlean I was aghast the first time I got into a taxi with my mother. “But you said never get in a car with a… https://t.co/ivU3V3kzNk,FALSE,1,susanorlean,11/30/2021 6:34,TRUE,1.46549E+18,1.46557E+18,11447852,"<a href=""http://twitter.com/download/iphone"" rel=""nofollow"">Twitter for iPhone</a>",SpoonKitty,0,FALSE,FALSE,NA,NA
76,#NowPlaying Demi Louise - Taxi Driver https://t.co/vu6o7CfM91,FALSE,0,NA,11/30/2021 4:08,FALSE,NA,1.46553E+18,NA,"<a href=""https://www.radioking.com"" rel=""nofollow"">Radio King LiveTweet</a>",UiKRadio,0,FALSE,FALSE,NA,NA
77,France to test flying taxi routes ahead of 2024 Summer Olympics https://t.co/tLVZebDK4o https://t.co/1WYFQyTfHW,FALSE,52,NA,11/30/2021 2:55,FALSE,NA,1.46551E+18,NA,"<a href=""http://www.socialflow.com"" rel=""nofollow"">SocialFlow</a>",thehill,16,FALSE,FALSE,NA,NA
78,@motherofthorgi This synced almost perfectly with El Taxi CB is currently playing in the car <U+0001F602>,FALSE,1,motherofthorgi,11/30/2021 2:51,FALSE,1.46551E+18,1.46551E+18,3905269695,"<a href=""http://twitter.com/download/iphone"" rel=""nofollow"">Twitter for iPhone</a>",RecklessPerfec1,0,FALSE,FALSE,NA,NA
79,"In 2001 it was nice. Went to the street my family had a house on 100 years ago, found the house, looked great. In 2… https://t.co/CuzQTX0u9e",FALSE,0,NA,11/30/2021 1:35,TRUE,NA,1.46549E+18,NA,"<a href=""http://twitter.com/download/iphone"" rel=""nofollow"">Twitter for iPhone</a>",EsqHardy,0,FALSE,FALSE,NA,NA
80,@FFA_Meng Is Kene worth an add in dynasty?  We only get 6 free agents a year. Limited taxi moves. Im running low. B… https://t.co/vvSSO3RZvw,FALSE,0,FFA_Meng,11/30/2021 1:14,TRUE,1.46545E+18,1.46549E+18,28435113,"<a href=""http://twitter.com/download/iphone"" rel=""nofollow"">Twitter for iPhone</a>",FanaticDynasty,0,FALSE,FALSE,NA,NA
81,France to test flying taxi routes ahead of 2024 Summer Olympics https://t.co/qU2JWGnQhV https://t.co/6jdOYHO19F,FALSE,40,NA,11/30/2021 0:49,FALSE,NA,1.46548E+18,NA,"<a href=""http://www.socialflow.com"" rel=""nofollow"">SocialFlow</a>",thehill,17,FALSE,FALSE,NA,NA
82,@susaninseattle1 Island taxi! Love the ferries. https://t.co/sTbbeGFfyw,FALSE,1,susaninseattle1,11/30/2021 0:13,FALSE,1.46547E+18,1.46547E+18,9.58359E+17,"<a href=""http://twitter.com/download/iphone"" rel=""nofollow"">Twitter for iPhone</a>",MysticCindi,0,FALSE,FALSE,NA,NA
83,@_CydneyJ I was the goat in this game and crazy taxi,FALSE,1,_CydneyJ,11/29/2021 23:29,FALSE,1.46546E+18,1.46546E+18,1.15789E+18,"<a href=""http://twitter.com/download/iphone"" rel=""nofollow"">Twitter for iPhone</a>",Deze___Nutz,0,FALSE,FALSE,NA,NA
84,taxi*,FALSE,1,besthsstan,11/29/2021 22:55,FALSE,1.46545E+18,1.46545E+18,1.36248E+18,"<a href=""http://twitter.com/download/iphone"" rel=""nofollow"">Twitter for iPhone</a>",besthsstan,0,FALSE,FALSE,NA,NA
85,"Late night, you may find it harder to get a taxi in many cities, thanks to the pandemic, and to aging workforces… https://t.co/Yc5ugfjngk",FALSE,0,NA,11/29/2021 22:48,TRUE,NA,1.46545E+18,NA,"<a href=""https://mobile.twitter.com"" rel=""nofollow"">Twitter Web App</a>",50PlusatWork,0,FALSE,FALSE,NA,NA
86,@manglerfish i can't find good pictures but IF YOU DO ANYTHING FOR ME THIS WEEK. WATCH A SINGLE EPISODE OF TAXI. LO… https://t.co/0QMu62vbdZ,FALSE,1,manglerfish,11/29/2021 22:08,TRUE,1.46544E+18,1.46544E+18,1222217888,"<a href=""https://mobile.twitter.com"" rel=""nofollow"">Twitter Web App</a>",Felixitous,0,FALSE,FALSE,NA,NA
87,not to be an animal but i'm watching Taxi and i wanna get two handfuls of Mr. Danza's sweet little bubble butt,FALSE,1,NA,11/29/2021 21:18,FALSE,NA,1.46543E+18,NA,"<a href=""https://mobile.twitter.com"" rel=""nofollow"">Twitter Web App</a>",Felixitous,0,FALSE,FALSE,NA,NA
88,taxi cab,FALSE,0,NA,11/29/2021 21:03,FALSE,NA,1.46543E+18,NA,"<a href=""http://twitter.com/download/iphone"" rel=""nofollow"">Twitter for iPhone</a>",stormiiee_,0,FALSE,FALSE,NA,NA
89,"@EmergMedDr @HeedDoc I apologise for using the word happy then, but if the pt didn’t need ongoing medical treatment… https://t.co/s8zuE1NgFH",FALSE,5,EmergMedDr,11/29/2021 20:38,TRUE,1.46542E+18,1.46542E+18,9.85524E+17,"<a href=""http://twitter.com/download/iphone"" rel=""nofollow"">Twitter for iPhone</a>",lillmissd,0,FALSE,FALSE,NA,NA
90,@HeedDoc @EmergMedDr Did the pt need ongoing medical treatment or just transport. Your tweet suggests you were happ… https://t.co/gi7r98vgEk,FALSE,11,HeedDoc,11/29/2021 20:31,TRUE,1.46539E+18,1.46542E+18,1.34585E+18,"<a href=""http://twitter.com/download/iphone"" rel=""nofollow"">Twitter for iPhone</a>",lillmissd,0,FALSE,FALSE,NA,NA
91,"@simongerman600 And the vast majority of them either drive a taxi to survive, or are trafficked abroad on “medical… https://t.co/0172oh5uaL",FALSE,20,simongerman600,11/29/2021 20:28,TRUE,1.46541E+18,1.46542E+18,359188534,"<a href=""http://twitter.com/download/iphone"" rel=""nofollow"">Twitter for iPhone</a>",ParisLaPlataDC,1,FALSE,FALSE,NA,NA
92,@Mindlessrobot37 @BsoRules @Barbarabxj349 @terry_sackett @GarageNinja1 @KathyRaven85 @LaurieMit @misfitlady66… https://t.co/drH4Pe6N1j,FALSE,3,Mindlessrobot37,11/29/2021 19:38,TRUE,1.4654E+18,1.4654E+18,2255489124,"<a href=""https://mobile.twitter.com"" rel=""nofollow"">Twitter Web App</a>",deborahpearce18,0,FALSE,FALSE,NA,NA
93,"#NowPlaying ""Let The Record Play"" by Moon Taxi on @TIDAL",FALSE,0,NA,11/29/2021 19:26,FALSE,NA,1.4654E+18,NA,"<a href=""http://twitter.com/download/iphone"" rel=""nofollow"">Twitter for iPhone</a>",_JLPIII,0,FALSE,FALSE,NA,NA
94,@Mindlessrobot37 @BsoRules @Barbarabxj349 @terry_sackett @GarageNinja1 @KathyRaven85 @LaurieMit @misfitlady66… https://t.co/bDSSTjFd1i,FALSE,3,Mindlessrobot37,11/29/2021 19:12,TRUE,1.46539E+18,1.4654E+18,2255489124,"<a href=""https://mobile.twitter.com"" rel=""nofollow"">Twitter Web App</a>",deborahpearce18,0,FALSE,FALSE,NA,NA
95,"Available Now!

Jordan 1 Court Purple 2.0 Sz 9.5 $260.00
DS Jordan 12 Royalty Taxi Sz 10 $260.00
DS Jordan 1 Smoke… https://t.co/29KttNWYGe",FALSE,0,NA,11/29/2021 19:09,TRUE,NA,1.4654E+18,NA,"<a href=""http://instagram.com"" rel=""nofollow"">Instagram</a>",PeoplesPlace703,0,FALSE,FALSE,-77.4713272,38.7509554
96,@averagefrog A few years ago whilst working at Cardiff Central I had to intervene when a group of taxi drivers had… https://t.co/rx7hRVgRXr,FALSE,0,averagefrog,11/29/2021 18:32,TRUE,1.46537E+18,1.46539E+18,2336351879,"<a href=""http://twitter.com/download/android"" rel=""nofollow"">Twitter for Android</a>",NMaggs,0,FALSE,FALSE,NA,NA
97,@super_taxi Come out of the tunnel &amp; keep to ya left hand lane following sign for T3 you then couple hundred yards… https://t.co/BbjE0lZnSp,FALSE,1,super_taxi,11/29/2021 18:08,TRUE,1.46538E+18,1.46538E+18,2824953021,"<a href=""http://twitter.com/#!/download/ipad"" rel=""nofollow"">Twitter for iPad</a>",londonvitotaxi2,0,FALSE,FALSE,NA,NA
98,"Waymo's new strategy seems to be to launch in the ""hardest"" areas because those are the places where the economics… https://t.co/o7uZ6UBs2H",FALSE,10,binarybits,11/29/2021 17:43,TRUE,1.46538E+18,1.46538E+18,14165170,"<a href=""https://mobile.twitter.com"" rel=""nofollow"">Twitter Web App</a>",binarybits,0,FALSE,FALSE,NA,NA
99,Waymo recently announced it would start mapping streets in New York City. Another data point for my theory that the… https://t.co/R5TlmG6Gwr,FALSE,18,NA,11/29/2021 17:38,TRUE,NA,1.46537E+18,NA,"<a href=""https://mobile.twitter.com"" rel=""nofollow"">Twitter Web App</a>",binarybits,3,FALSE,FALSE,NA,NA
100,"It doesn’t matter what term you use – stoned, high, or tripping – drugs impair your ability to drive safely. If you… https://t.co/3b8BtyP49K",FALSE,0,NA,11/29/2021 16:24,TRUE,NA,1.46536E+18,NA,"<a href=""https://mobile.twitter.com"" rel=""nofollow"">Twitter Web App</a>",JHCCTraumaBurn,1,FALSE,FALSE,NA,NA
101,"@suzseddon @snoringboy An awards ceremony for teachers? How narcissistic <U+0001F914>

I look forward to the...
Taxi Driver aw… https://t.co/gwkn9O7djz",FALSE,13,suzseddon,11/29/2021 15:02,TRUE,1.46517E+18,1.46534E+18,1470118590,"<a href=""http://twitter.com/download/android"" rel=""nofollow"">Twitter for Android</a>",DavidBHerbert,0,FALSE,FALSE,NA,NA
102,"You say Monday <U+0001F5E3> We say... broken taxi? <U+0001F695> 

It's Mince Pie Monday! <U+0001F967> Trev and Jo are out in Oxfordshire <U+0001F440>

This tim… https://t.co/dijphWfi9r",FALSE,6,NA,11/29/2021 14:42,TRUE,NA,1.46533E+18,NA,"<a href=""https://sproutsocial.com"" rel=""nofollow"">Sprout Social</a>",JACKfmOxford,0,FALSE,FALSE,NA,NA
103,Paris Plans Electric Flying Taxi Routes in Time for Olympics 2024 - Bloomberg https://t.co/0QBNpep4zS,FALSE,2,NA,11/29/2021 14:05,FALSE,NA,1.46532E+18,NA,"<a href=""http://twitter.com/download/iphone"" rel=""nofollow"">Twitter for iPhone</a>",ChuckDBrooks,0,FALSE,FALSE,NA,NA
104,Nissan Advances Autonomous Driving with Taxi Service: Nissan’s approach combines SAE level 4 autonomous driving wit… https://t.co/hDL8M4r6Gz,FALSE,0,NA,11/29/2021 13:52,TRUE,NA,1.46532E+18,NA,"<a href=""https://ifttt.com"" rel=""nofollow"">IFTTT</a>",marcusbwebster,0,FALSE,FALSE,NA,NA
105,@michellenapu @VaDOTNOVA Busses/ taxi are everywhere! <U+0001F631> https://t.co/kzurXECLdL,FALSE,0,michellenapu,11/29/2021 13:16,FALSE,1.46531E+18,1.46531E+18,1643528294,"<a href=""http://twitter.com/download/iphone"" rel=""nofollow"">Twitter for iPhone</a>",dcwingate,0,FALSE,FALSE,NA,NA
106,how i get taxi for my dad in dc,FALSE,0,NA,11/29/2021 11:50,FALSE,NA,1.46529E+18,NA,"<a href=""http://twittbot.net/"" rel=""nofollow"">twittbot.net</a>",geoffyeos4real,0,FALSE,FALSE,NA,NA
107,"@LNER Ok thanks. Only way we could get back, and cheaper than a taxi to Newcastle",FALSE,0,LNER,11/29/2021 11:31,FALSE,1.46528E+18,1.46528E+18,313306238,"<a href=""http://twitter.com/download/iphone"" rel=""nofollow"">Twitter for iPhone</a>",tunny_88,0,FALSE,FALSE,NA,NA
108,woke up and realized this is a worse version of a Chris Gethard joke where he says he had the internal monologue li… https://t.co/xQJYQKtSnI,FALSE,1,male_hawkeye,11/29/2021 9:55,TRUE,1.46513E+18,1.46526E+18,7.98014E+17,"<a href=""http://twitter.com/download/iphone"" rel=""nofollow"">Twitter for iPhone</a>",male_hawkeye,0,FALSE,FALSE,NA,NA
109,#NowPlaying Demi Louise - Taxi Driver https://t.co/UD6AcB9qrN,FALSE,0,NA,11/29/2021 6:48,FALSE,NA,1.46521E+18,NA,"<a href=""https://www.radioking.com"" rel=""nofollow"">Radio King LiveTweet</a>",UiKRadio,0,FALSE,FALSE,NA,NA
110,"""Life is like a taxi. The meter just keeps ticking whether you are getting somewhere or just standing still."" Lou Erickson #NimbleQuotes",FALSE,0,NA,11/29/2021 4:37,FALSE,NA,1.46518E+18,NA,"<a href=""http://www.nimblequotes.com/"" rel=""nofollow"">Nimble Quotes</a>",dahnamchandler,0,FALSE,FALSE,NA,NA
111,Uber was $46 and the taxi was only $12…. Ridiculous <U+0001F602><U+0001F926><U+0001F3FE><U+200D><U+2640><U+FE0F>,FALSE,0,NopeNotEbs,11/29/2021 4:24,FALSE,1.46517E+18,1.46517E+18,35076013,"<a href=""http://twitter.com/download/iphone"" rel=""nofollow"">Twitter for iPhone</a>",NopeNotEbs,0,FALSE,FALSE,NA,NA
112,Was watching the Pierce/Rene Thomas Crown Affair completely suspending disbelief until the end where she gets a tax… https://t.co/vcvcfZZ8iU,FALSE,0,NA,11/29/2021 4:10,TRUE,NA,1.46517E+18,NA,"<a href=""http://twitter.com/download/iphone"" rel=""nofollow"">Twitter for iPhone</a>",JuanDOdoubleG,0,FALSE,FALSE,NA,NA
113,@LNER @ccc43026 Several of us would’ve taken a taxi to Newcastle last night but we relied on information presented… https://t.co/PvpczAATp4,FALSE,0,wmataswellwalk,11/29/2021 3:25,TRUE,1.46516E+18,1.46516E+18,9.38953E+17,"<a href=""http://twitter.com/download/iphone"" rel=""nofollow"">Twitter for iPhone</a>",wmataswellwalk,0,FALSE,FALSE,NA,NA
114,@LNER You can’t keep doing this bait and switch to people. I would’ve booked a taxi last night but AGAIN I relied o… https://t.co/TPip9rY6e1,FALSE,0,wmataswellwalk,11/29/2021 3:09,TRUE,1.46515E+18,1.46516E+18,9.38953E+17,"<a href=""http://twitter.com/download/iphone"" rel=""nofollow"">Twitter for iPhone</a>",wmataswellwalk,0,FALSE,FALSE,NA,NA
115,@LNER @LNER what the hell is going on?!  Last night I was told the 5:48 out of Edinburgh was back on.  I relied on… https://t.co/V5FdhsoetR,FALSE,0,LNER,11/29/2021 2:57,TRUE,1.46507E+18,1.46515E+18,313306238,"<a href=""http://twitter.com/download/iphone"" rel=""nofollow"">Twitter for iPhone</a>",wmataswellwalk,0,FALSE,FALSE,NA,NA
116,@AmericanAir I get the delays but a safety issue like navigation lights being out and not checked prior to taxi fro… https://t.co/FD6UH5We3Y,FALSE,0,AmericanAir,11/29/2021 2:17,TRUE,1.46514E+18,1.46514E+18,22536055,"<a href=""http://twitter.com/download/iphone"" rel=""nofollow"">Twitter for iPhone</a>",gcura45,0,FALSE,FALSE,NA,NA
117,@gamesandbourbon Taxi enters the chat https://t.co/0gkEX4PxwS,FALSE,0,gamesandbourbon,11/29/2021 1:28,FALSE,1.46501E+18,1.46513E+18,3097294061,"<a href=""https://mobile.twitter.com"" rel=""nofollow"">Twitter Web App</a>",TheShiversGame,0,FALSE,FALSE,NA,NA
118,This taxi just got my ass,FALSE,1,NA,11/29/2021 0:44,FALSE,NA,1.46512E+18,NA,"<a href=""http://twitter.com/download/iphone"" rel=""nofollow"">Twitter for iPhone</a>",Geezus37,0,FALSE,FALSE,NA,NA
119,"Seventy-nine years ago, actress and playwright Gertrude Jeannette became the first woman to work as a licensed taxi… https://t.co/julGgP9kOT",FALSE,2,NA,11/29/2021 0:43,TRUE,NA,1.46512E+18,NA,"<a href=""http://twitter.com/download/iphone"" rel=""nofollow"">Twitter for iPhone</a>",noladt,0,FALSE,FALSE,NA,NA
120,"@FamilyByCycle Actually this has worked in my favour at least twice.

Win bid. Confirm address. Say you'll walk the… https://t.co/JJU3hXiUG8",FALSE,0,FamilyByCycle,11/29/2021 0:35,TRUE,1.46496E+18,1.46512E+18,7.00408E+17,"<a href=""http://twitter.com/download/android"" rel=""nofollow"">Twitter for Android</a>",PlasticPlanners,0,FALSE,FALSE,NA,NA
121,"@joss_prior @_banquos_ghost_ @DavelnOz @GirlCoupe I was hoping for drinks after the war is over, but that seems to… https://t.co/zneNb5U4g6",FALSE,3,joss_prior,11/28/2021 22:46,TRUE,1.46508E+18,1.46509E+18,3412954283,"<a href=""https://mobile.twitter.com"" rel=""nofollow"">Twitter Web App</a>",bespinuk,0,FALSE,FALSE,NA,NA
122,Tip for the future: never get out of the taxi line. Especially on the Sunday after Thanksgiving.,FALSE,3,NA,11/28/2021 22:33,FALSE,NA,1.46509E+18,NA,"<a href=""http://twitter.com/download/iphone"" rel=""nofollow"">Twitter for iPhone</a>",TJHogglestock,0,FALSE,FALSE,NA,NA
123,The main difference between Lyft drivers and taxis is Lyft drivers will speed pass a yellow light while taxi driver… https://t.co/SGUv8IBrXG,FALSE,0,NA,11/28/2021 21:22,TRUE,NA,1.46507E+18,NA,"<a href=""http://twitter.com/download/iphone"" rel=""nofollow"">Twitter for iPhone</a>",DrAyy_Pharm,0,FALSE,FALSE,NA,NA
124,Altho not from Rotherham(but only a stone throw away) iv spoken to loads of indigenous taxi drivers who are FURIOUS… https://t.co/mEt1EqYzdt,FALSE,0,NA,11/28/2021 20:46,TRUE,NA,1.46506E+18,NA,"<a href=""http://twitter.com/download/android"" rel=""nofollow"">Twitter for Android</a>",tetley824,0,FALSE,FALSE,NA,NA
125,@ellyphillipss @LNER I have this same question…we booked a hotel for another night because LNER kept saying that th… https://t.co/DLl9NN5AFJ,FALSE,1,ellyphillipss,11/28/2021 19:23,TRUE,1.46504E+18,1.46504E+18,350868433,"<a href=""http://twitter.com/download/iphone"" rel=""nofollow"">Twitter for iPhone</a>",wmataswellwalk,0,FALSE,FALSE,NA,NA
126,#NowPlaying Demi Louise - Taxi Driver https://t.co/div8U8izyA,FALSE,0,NA,11/28/2021 19:18,FALSE,NA,1.46504E+18,NA,"<a href=""https://www.radioking.com"" rel=""nofollow"">Radio King LiveTweet</a>",UiKRadio,0,FALSE,FALSE,NA,NA
127,@LNER just saw that the trains tomorrow aren’t running until 10am or later. We’ve already been stuck in Edinburgh s… https://t.co/ozb8XuB616,FALSE,0,LNER,11/28/2021 19:06,TRUE,NA,1.46503E+18,313306238,"<a href=""http://twitter.com/download/iphone"" rel=""nofollow"">Twitter for iPhone</a>",wmataswellwalk,0,FALSE,FALSE,NA,NA
128,"@PhumlaniMMajozi I would actually trust taxi rank extra judicial executions over ANC judicial executions, needed either way though",FALSE,2,PhumlaniMMajozi,11/28/2021 16:18,FALSE,1.46497E+18,1.46499E+18,325450455,"<a href=""http://twitter.com/download/android"" rel=""nofollow"">Twitter for Android</a>",JackduORleans,1,FALSE,FALSE,NA,NA
129,We just danced a tik tok on the street for a taxi man to record us so he could become tik tok famous <U+0001F602>,FALSE,1,NA,11/28/2021 15:57,FALSE,NA,1.46499E+18,NA,"<a href=""http://twitter.com/download/iphone"" rel=""nofollow"">Twitter for iPhone</a>",ParisMcDonald20,0,FALSE,FALSE,NA,NA
130,Wings With Me by Ini Kamoze on Ini Kamoze (ORCHARD - Taxi) #NowPlaying,FALSE,0,NA,11/28/2021 15:46,FALSE,NA,1.46498E+18,NA,"<a href=""https://creek.org"" rel=""nofollow"">Tweet Your Songs</a>",WLOYisPlaying,0,FALSE,FALSE,NA,NA
131,Taxi driver further displayed ignorance of the law by justifying going through a red arrow by claiming I was runnin… https://t.co/sxGo1RT4mt,FALSE,0,nikki_d,11/28/2021 15:14,TRUE,1.46497E+18,1.46498E+18,14835933,"<a href=""http://twitter.com/download/android"" rel=""nofollow"">Twitter for Android</a>",nikki_d,0,FALSE,FALSE,NA,NA
132,Between drivers refusing to understand the bike signal at 15th &amp; Penn and taxi drivers refusing to obey red left ar… https://t.co/sOdswmEfQP,FALSE,4,NA,11/28/2021 15:07,TRUE,NA,1.46497E+18,NA,"<a href=""http://twitter.com/download/android"" rel=""nofollow"">Twitter for Android</a>",nikki_d,0,FALSE,FALSE,NA,NA
133,So cute!  Check out The Chevron Cars Tyler Taxi Collectible Toy Vintage 1997 New In Box https://t.co/kZF8zXspbd @eBay,FALSE,0,NA,11/28/2021 13:38,FALSE,NA,1.46495E+18,NA,"<a href=""http://twitter.com/#!/download/ipad"" rel=""nofollow"">Twitter for iPad</a>",bmorrissd2,0,FALSE,FALSE,NA,NA
134,"@mikeyonman I was up your way yesterday. While on the train from Filton Abbey Wood to Cam &amp; Dursley, I noticed near… https://t.co/FSIZXJClZt",FALSE,3,mikeyonman,11/28/2021 11:53,TRUE,1.46489E+18,1.46493E+18,141608365,"<a href=""http://twitter.com/download/android"" rel=""nofollow"">Twitter for Android</a>",jeffo365,0,FALSE,FALSE,NA,NA
135,@ManMadeMoon @rodeneronquillo In a nightclub when I was 16. I was very drunk and as I sobered up I realised I didn’… https://t.co/otc14BUmGJ,FALSE,12,ManMadeMoon,11/28/2021 9:24,TRUE,1.46483E+18,1.46489E+18,20690398,"<a href=""http://twitter.com/download/iphone"" rel=""nofollow"">Twitter for iPhone</a>",tygeroo,0,FALSE,FALSE,NA,NA
136,"Hey @Uber_BE, guess what? Limo drivers are not licensed taxi drivers. You 100% brought this on yourselves.… https://t.co/y7yO1I5vjv",FALSE,4,NA,11/28/2021 8:06,TRUE,NA,1.46487E+18,NA,"<a href=""http://twitter.com/download/android"" rel=""nofollow"">Twitter for Android</a>",TheDeliveryUnd1,3,FALSE,FALSE,NA,NA
137,Me when the taxi driver asks me for directions https://t.co/xohZKfwq0L,FALSE,0,NA,11/28/2021 2:11,FALSE,NA,1.46478E+18,NA,"<a href=""http://twitter.com/download/iphone"" rel=""nofollow"">Twitter for iPhone</a>",markjamess13,0,FALSE,FALSE,NA,NA
138,"either £70 for a taxi home from Cardiff or £20 if someone’s doing lifts, it’s really a no-brainer https://t.co/pn8k9eQtKw",FALSE,2,NA,11/28/2021 0:31,FALSE,NA,1.46475E+18,NA,"<a href=""http://twitter.com/download/iphone"" rel=""nofollow"">Twitter for iPhone</a>",islaw98,0,FALSE,FALSE,NA,NA
139,@TheeSkinBoss a taxi driver did this to me once on the way to the airport LOL,FALSE,0,TheeSkinBoss,11/27/2021 23:57,FALSE,1.46474E+18,1.46475E+18,1.03633E+18,"<a href=""http://twitter.com/download/android"" rel=""nofollow"">Twitter for Android</a>",TheUSSKimberly,0,FALSE,FALSE,NA,NA
140,MD MOST WANTED |  The unlicensed taxi cab driver accused of shooting a man over a fare in west Baltimore has been c… https://t.co/4APKcw76Qk,FALSE,2,NA,11/27/2021 23:00,TRUE,NA,1.46473E+18,NA,"<a href=""https://about.twitter.com/products/tweetdeck"" rel=""nofollow"">TweetDeck</a>",FOXBaltimore,0,FALSE,FALSE,NA,NA
141,@EndlessJeopardy What is taxi evasion?,FALSE,0,EndlessJeopardy,11/27/2021 21:57,FALSE,1.46471E+18,1.46471E+18,1.09615E+18,"<a href=""http://twitter.com/download/android"" rel=""nofollow"">Twitter for Android</a>",tunaofthesky,0,FALSE,FALSE,NA,NA
142,@RealGaryWebster @MissCDarcy I remember picking you up at the Ritz Gary in my Taxi <U+0001F696> we did have a laugh <U+0001F602>,FALSE,0,RealGaryWebster,11/27/2021 20:40,FALSE,1.46469E+18,1.4647E+18,9.11663E+17,"<a href=""http://twitter.com/download/iphone"" rel=""nofollow"">Twitter for iPhone</a>",Taxietony7up,0,FALSE,FALSE,NA,NA
143,#NowPlaying Demi Louise - Taxi Driver https://t.co/ko88OrMmLn,FALSE,0,NA,11/27/2021 20:30,FALSE,NA,1.46469E+18,NA,"<a href=""https://www.radioking.com"" rel=""nofollow"">Radio King LiveTweet</a>",UiKRadio,0,FALSE,FALSE,NA,NA
144,Why do I get all the Uber/Lyft/taxi drivers who bathe in cologne?,FALSE,1,NA,11/27/2021 19:24,FALSE,NA,1.46468E+18,NA,"<a href=""https://mobile.twitter.com"" rel=""nofollow"">Twitter Web App</a>",jeannehospod,0,FALSE,FALSE,NA,NA
145,@TracyTTraffic @SoundTransit Sound Transit should cover everyone’s Uber/Lyft/Taxi cost to get back to the park and… https://t.co/dIY9nIybZh,FALSE,4,TracyTTraffic,11/27/2021 18:38,TRUE,1.46463E+18,1.46466E+18,22083949,"<a href=""http://twitter.com/download/iphone"" rel=""nofollow"">Twitter for iPhone</a>",fmrSeattleite,0,FALSE,FALSE,NA,NA
146,"An explosion occurred in Botataung Tsp, Yangon at 10:55 pm last night. After the explosion, a taxi was chased by SA… https://t.co/3yrPcvU7Qo",FALSE,0,NA,11/27/2021 18:25,TRUE,NA,1.46466E+18,NA,"<a href=""http://twitter.com/download/iphone"" rel=""nofollow"">Twitter for iPhone</a>",phoo_mp,0,FALSE,FALSE,NA,NA
147,"An explosion occurred in Botataung Tsp, Yangon at 10:55 pm last night. After the explosion, a taxi was chased by SA… https://t.co/U68F8HHqqj",FALSE,0,NA,11/27/2021 16:54,TRUE,NA,1.46464E+18,NA,"<a href=""http://twitter.com/download/iphone"" rel=""nofollow"">Twitter for iPhone</a>",AyeGreta,0,FALSE,FALSE,NA,NA
148,"The taxi is currently cheaper than Uber and Lyft nearly combined.

I’d be damned. Never thought I’d see the day.",FALSE,1,NA,11/27/2021 16:15,FALSE,NA,1.46463E+18,NA,"<a href=""http://twitter.com/download/iphone"" rel=""nofollow"">Twitter for iPhone</a>",IamRashodw_,0,FALSE,FALSE,NA,NA
149,@talltim63 Taxi it is <U+0001F923>,FALSE,0,talltim63,11/27/2021 14:50,FALSE,1.46461E+18,1.46461E+18,548740703,"<a href=""http://twitter.com/download/android"" rel=""nofollow"">Twitter for Android</a>",damianwilson,0,FALSE,FALSE,NA,NA
150,@grandmagrit 100% need to be vaccinated and tested prior. I think it needs to be done on domestic flights as well.… https://t.co/zigXwWCcuZ,FALSE,9,grandmagrit,11/27/2021 13:50,TRUE,1.46459E+18,1.46459E+18,3255678006,"<a href=""http://twitter.com/download/iphone"" rel=""nofollow"">Twitter for iPhone</a>",MollyMcFlii,1,FALSE,FALSE,NA,NA
151,"@lifechooser Taxi, we were running late. First EV London cab ride <U+0001F601>",FALSE,1,lifechooser,11/27/2021 13:44,FALSE,1.46459E+18,1.46459E+18,85557979,"<a href=""http://twitter.com/download/android"" rel=""nofollow"">Twitter for Android</a>",damianwilson,0,FALSE,FALSE,NA,NA
152,"@JustStacie5683 Harry Chapin: Taxi

I think @courts_decision (Cal aka Bunny) compared Jill Sobule this past week to… https://t.co/mcYCyrTsho",FALSE,15,JustStacie5683,11/27/2021 12:15,TRUE,1.46454E+18,1.46457E+18,44661077,"<a href=""http://twitter.com/download/android"" rel=""nofollow"">Twitter for Android</a>",DGrattidge,1,FALSE,FALSE,NA,NA
153,The way I got a taxi home last night I literally live a 10 minute walk away from the club I just didn’t want my che… https://t.co/58tS82smKk,FALSE,2,NA,11/27/2021 11:29,TRUE,NA,1.46456E+18,NA,"<a href=""http://twitter.com/download/iphone"" rel=""nofollow"">Twitter for iPhone</a>",jdc200316,0,FALSE,FALSE,NA,NA
154,#NowPlaying Demi Louise - Taxi Driver https://t.co/RVUv7Ykfw3,FALSE,0,NA,11/27/2021 11:08,FALSE,NA,1.46455E+18,NA,"<a href=""https://www.radioking.com"" rel=""nofollow"">Radio King LiveTweet</a>",UiKRadio,0,FALSE,FALSE,NA,NA
155,"We provide the best pricing in the market with no hidden charges. When you make an online taxi booking with us, we… https://t.co/W3LskuKNEH",FALSE,0,NA,11/27/2021 10:53,TRUE,NA,1.46455E+18,NA,"<a href=""https://mobile.twitter.com"" rel=""nofollow"">Twitter Web App</a>",AkTransportati1,0,FALSE,FALSE,NA,NA
156,"Luckily I knew walking was okay, but my brother was stuck worrying about getting in trouble because of this taxi dr… https://t.co/8cIYTcBcl9",FALSE,8,MyKoreanHusband,11/27/2021 10:36,TRUE,1.46454E+18,1.46454E+18,823106918,"<a href=""http://twitter.com/download/android"" rel=""nofollow"">Twitter for Android</a>",MyKoreanHusband,0,FALSE,FALSE,NA,NA
157,My brother arrived in Korea and got a quarantine taxi that was supposed  to take him to Mapo Health Center where he… https://t.co/N6QpWsV8Zv,FALSE,13,NA,11/27/2021 10:36,TRUE,NA,1.46454E+18,NA,"<a href=""http://twitter.com/download/android"" rel=""nofollow"">Twitter for Android</a>",MyKoreanHusband,0,FALSE,FALSE,NA,NA
158,"Dad taxi, Xmas decs up, Liverpool Game.   Enjoy your Saturday <U+0001F695><U+0001F384><U+26BD><U+FE0F><U+0001F37B>#dadtaxi #xmas2021 #LIVSOU https://t.co/6GAH2REEn6",FALSE,3,NA,11/27/2021 9:53,FALSE,NA,1.46453E+18,NA,"<a href=""http://twitter.com/download/iphone"" rel=""nofollow"">Twitter for iPhone</a>",Walshy_YNWA,0,FALSE,FALSE,NA,NA
159,"SANDF could barely quell a taxi strike in CPT, refused to enter Durban, and fears township. It can't be Joburg's bi… https://t.co/WSzAZctIlR",FALSE,1,NA,11/27/2021 8:01,TRUE,NA,1.4645E+18,NA,"<a href=""http://twitter.com/download/android"" rel=""nofollow"">Twitter for Android</a>",JackduORleans,0,FALSE,FALSE,NA,NA
160,The masculine urge to become a Night Taxi Driver to deal with my insomnia as I observe the overall filth and decay… https://t.co/FE2JjnR1dN,FALSE,0,NA,11/27/2021 6:43,TRUE,NA,1.46449E+18,NA,"<a href=""http://twitter.com/download/iphone"" rel=""nofollow"">Twitter for iPhone</a>",mnhd1080p,0,FALSE,FALSE,NA,NA
161,"@Callmerob__ Its a relaxi taxi:) Her little bike is on the side, it’s a shame they don’t have one with a basket",FALSE,0,Callmerob__,11/27/2021 2:45,FALSE,1.46443E+18,1.46443E+18,1.26485E+18,"<a href=""http://twitter.com/download/iphone"" rel=""nofollow"">Twitter for iPhone</a>",KB_Collision,0,FALSE,FALSE,NA,NA
162,"Companies like Uber turn us into a taxi drivers or delivery persons, people many of us either patronize or hold in open contempt.",FALSE,3,NA,11/26/2021 22:16,FALSE,NA,1.46436E+18,NA,"<a href=""https://mobile.twitter.com"" rel=""nofollow"">Twitter Web App</a>",Briankmcneal,0,FALSE,FALSE,NA,NA
163,@KGthaComedian Geez my money is on the taxi driver catching you within 65 metres if you leg it,FALSE,0,KGthaComedian,11/26/2021 21:26,FALSE,1.46433E+18,1.46434E+18,25065382,"<a href=""http://twitter.com/download/iphone"" rel=""nofollow"">Twitter for iPhone</a>",jag_skills,0,FALSE,FALSE,NA,NA
164,Taking a taxi to the stadium cause Uber is too expensive for my poor self,FALSE,1,NA,11/26/2021 20:50,FALSE,NA,1.46434E+18,NA,"<a href=""http://twitter.com/download/iphone"" rel=""nofollow"">Twitter for iPhone</a>",nightstarjoon,0,FALSE,FALSE,NA,NA
165,@MJPteeitup @KatiePavlich Address it whenever it shows is ugly face.  Not all people understand the whole picture.… https://t.co/FOXHElaY27,FALSE,0,DarrylStones,11/26/2021 20:42,TRUE,1.46433E+18,1.46433E+18,1.07247E+18,"<a href=""http://twitter.com/download/android"" rel=""nofollow"">Twitter for Android</a>",DarrylStones,0,FALSE,FALSE,NA,NA
166,Waited for cab and then suddenly I got stomach ache. Sempat ok buat bizness <U+0001F4A9>.. then taxi cancelled on us coz he do… https://t.co/NNCczIKtNe,FALSE,0,NA,11/26/2021 20:00,TRUE,NA,1.46432E+18,NA,"<a href=""http://twitter.com/download/iphone"" rel=""nofollow"">Twitter for iPhone</a>",kinkongking,0,FALSE,FALSE,NA,NA
167,"@Dart_Adams Once we were working Radio Shack on a Sat. Lady tries to charge an item. Something funky w/ ""her"" credi… https://t.co/4ZUh0VYJ25",FALSE,0,Dart_Adams,11/26/2021 19:55,TRUE,1.46432E+18,1.46432E+18,18521955,"<a href=""https://mobile.twitter.com"" rel=""nofollow"">Twitter Web App</a>",bijancbayne,0,FALSE,FALSE,NA,NA
168,Okay hate to say I spent the entire 30 minute ride from the airport talking to my taxi driver.,FALSE,4,JoseAlonsoMunoz,11/26/2021 17:32,FALSE,1.46423E+18,1.46429E+18,1.36075E+18,"<a href=""http://twitter.com/download/iphone"" rel=""nofollow"">Twitter for iPhone</a>",JoseAlonsoMunoz,0,FALSE,FALSE,NA,NA
169,#NowPlaying Demi Louise - Taxi Driver https://t.co/flvzFYpdUj,FALSE,0,NA,11/26/2021 15:42,FALSE,NA,1.46426E+18,NA,"<a href=""https://www.radioking.com"" rel=""nofollow"">Radio King LiveTweet</a>",UiKRadio,0,FALSE,FALSE,NA,NA
170,@LindaHirshman1 @WHCOS Covid (I believe) first arrived from people coming off cruise ships. They would fly back hom… https://t.co/KfVfTBspbV,FALSE,2,LindaHirshman1,11/26/2021 15:38,TRUE,1.46426E+18,1.46426E+18,436158763,"<a href=""http://twitter.com/download/iphone"" rel=""nofollow"">Twitter for iPhone</a>",allenbaylus,0,FALSE,FALSE,NA,NA
171,Current market price in Malaysia for transport such tour buses to Grab taxi service is cost price minus 30 percent… https://t.co/Wt2Ggss8Ki,FALSE,0,NA,11/26/2021 13:45,TRUE,NA,1.46423E+18,NA,"<a href=""http://twitter.com/download/android"" rel=""nofollow"">Twitter for Android</a>",MichealYi8,0,FALSE,FALSE,NA,NA
172,@PeterWilson68 Rubbish. The UK gov't are not deliberately ignoring the problem. Border Force boats and the RNLI hav… https://t.co/LPJSlczFBP,FALSE,37,PeterWilson68,11/26/2021 12:38,TRUE,1.46421E+18,1.46421E+18,7.51499E+17,"<a href=""https://mobile.twitter.com"" rel=""nofollow"">Twitter Web App</a>",michrismason,6,FALSE,FALSE,NA,NA
173,Good Friday Mornin Tweeps<U+270C><U+2764><U+2615>...This is the Water Taxi going under the Woodrow Wilson Bridge. https://t.co/Q9YqmG5AFq,FALSE,3,NA,11/26/2021 11:03,FALSE,NA,1.46419E+18,NA,"<a href=""http://twitter.com/download/android"" rel=""nofollow"">Twitter for Android</a>",sonya_parks,0,FALSE,FALSE,NA,NA
174,"“You talking to me?” Taxi Driver, 1976
#Film #Cinema",FALSE,7,NA,11/26/2021 10:27,FALSE,NA,1.46418E+18,NA,"<a href=""https://www.socialjukebox.com"" rel=""nofollow"">The Social Jukebox</a>",JeanetteJoy,0,FALSE,FALSE,NA,NA
175,Unless you are a Labour party voting Muslim taxi driver it seems <U+0001F621> https://t.co/K54Xca7xpx,FALSE,0,NA,11/26/2021 9:26,FALSE,NA,1.46416E+18,NA,"<a href=""http://twitter.com/download/android"" rel=""nofollow"">Twitter for Android</a>",Guyhargreaves3,0,FALSE,FALSE,NA,NA
176,"If you want to move within the CBD area you can use CAV for your movement with a dedicated lane for a fee, much che… https://t.co/ZWHBpW8lgg",FALSE,0,iamoudah,11/26/2021 7:32,TRUE,1.46414E+18,1.46414E+18,1.18279E+18,"<a href=""http://twitter.com/download/iphone"" rel=""nofollow"">Twitter for iPhone</a>",iamoudah,0,FALSE,FALSE,NA,NA
177,#NowPlaying Demi Louise - Taxi Driver https://t.co/SrwrJwB8dH,FALSE,0,NA,11/26/2021 4:44,FALSE,NA,1.46409E+18,NA,"<a href=""https://www.radioking.com"" rel=""nofollow"">Radio King LiveTweet</a>",UiKRadio,0,FALSE,FALSE,NA,NA
178,@Rover829 What could possibly be so sensitive about the financial performance of a taxi company? Customer data isn’t shared with investors.,FALSE,0,Rover829,11/26/2021 4:02,FALSE,1.46407E+18,1.46408E+18,126816712,"<a href=""http://twitter.com/download/iphone"" rel=""nofollow"">Twitter for iPhone</a>",TheRealStoryPlz,0,FALSE,FALSE,NA,NA
179,"This Thanksgiving, drinking and driving should never be on the menu. Call a sober friend, taxi, or ride share to ge… https://t.co/wjAorutVy6",FALSE,1,NA,11/26/2021 1:58,TRUE,NA,1.46405E+18,NA,"<a href=""http://twitter.com/download/iphone"" rel=""nofollow"">Twitter for iPhone</a>",CulpeperSheriff,0,FALSE,FALSE,NA,NA
180,"@JamesKurt_44 He's driving like how I've been in recent races!!!

Damn taxi drivers!! I should know my dad used to be one! <U+0001F609><U+0001F923>",FALSE,1,JamesKurt_44,11/26/2021 1:16,FALSE,1.46396E+18,1.46404E+18,1.37777E+18,"<a href=""http://twitter.com/download/android"" rel=""nofollow"">Twitter for Android</a>",Gp2Joey,0,FALSE,FALSE,NA,NA
181,Teen Uses Birthday Money to Taxi Basket Of 14 Kittens to Animal Hospital https://t.co/cAGQe2g2CY,FALSE,0,NA,11/26/2021 1:13,FALSE,NA,1.46404E+18,NA,"<a href=""http://twitter.com/download/iphone"" rel=""nofollow"">Twitter for iPhone</a>",VeganFemanistic,0,FALSE,FALSE,NA,NA
182,"I wish he would get a taxi, the spoilt little cunt",FALSE,7,NA,11/25/2021 22:08,FALSE,NA,1.46399E+18,NA,"<a href=""http://twitter.com/download/android"" rel=""nofollow"">Twitter for Android</a>",Mafer1ck,0,FALSE,FALSE,NA,NA
183,@NeilClark66 a taxi driver called Ron Davies then .,FALSE,0,NeilClark66,11/25/2021 21:59,FALSE,NA,1.46399E+18,728039605,"<a href=""http://twitter.com/download/android"" rel=""nofollow"">Twitter for Android</a>",KELLYCLELLAND1,0,FALSE,FALSE,NA,NA
184,@bruisedgrape69 Or use a taxi app.,FALSE,0,bruisedgrape69,11/25/2021 21:36,FALSE,1.46337E+18,1.46398E+18,1.08751E+18,"<a href=""http://twitter.com/download/android"" rel=""nofollow"">Twitter for Android</a>",TheDeliveryUnd1,0,FALSE,FALSE,NA,NA
185,@erikaishii Try one of the taxi apps like @gocurb and get a driver who has been fingerprinted and screened.,FALSE,0,erikaishii,11/25/2021 21:13,FALSE,1.46383E+18,1.46398E+18,582563196,"<a href=""http://twitter.com/download/android"" rel=""nofollow"">Twitter for Android</a>",TheDeliveryUnd1,0,FALSE,FALSE,NA,NA
186,@pritipatel It’s not patrols you’re running a taxi service,FALSE,1,pritipatel,11/25/2021 21:09,FALSE,1.46392E+18,1.46398E+18,61660254,"<a href=""http://twitter.com/download/iphone"" rel=""nofollow"">Twitter for iPhone</a>",bigknightywhu,0,FALSE,FALSE,NA,NA
187,"The pretty Ezgi had dreams , but she never knew a taxi ride would turn her life upside down by meeting Mr Right or… https://t.co/CABW1tEGEN",FALSE,3,NA,11/25/2021 21:01,TRUE,NA,1.46398E+18,NA,"<a href=""http://twitter.com/#!/download/ipad"" rel=""nofollow"">Twitter for iPad</a>",asNovelaFan,6,FALSE,FALSE,NA,NA
188,"God DAMN, just finished watching Odd Taxi with @TomaTsukuhara and that was one of the better shows I've seen in a l… https://t.co/RZ1q5oSYXa",FALSE,3,NA,11/25/2021 20:52,TRUE,NA,1.46397E+18,NA,"<a href=""https://mobile.twitter.com"" rel=""nofollow"">Twitter Web App</a>",FurlockODonnell,1,FALSE,FALSE,NA,NA
189,"In-app tipping is NOT and never will be equal to:

Wait staff, Server, Hairstylist, Door Person, Taxi Driver, Barbe… https://t.co/SUqjN1EhZu",FALSE,1,DlvryDryVR,11/25/2021 19:57,TRUE,1.46395E+18,1.46396E+18,1.15358E+18,"<a href=""http://twitter.com/download/android"" rel=""nofollow"">Twitter for Android</a>",DlvryDryVR,0,FALSE,FALSE,NA,NA
190,"The Montgomery County Department of Transportation is offering residents 65+ and residents with disabilities, a FRE… https://t.co/8aTgiCupDx",FALSE,0,NA,11/25/2021 19:01,TRUE,NA,1.46395E+18,NA,"<a href=""https://www.hootsuite.com"" rel=""nofollow"">Hootsuite Inc.</a>",AAHI_Info,0,FALSE,FALSE,NA,NA
191,#NowPlaying Demi Louise - Taxi Driver https://t.co/YVMEm4aYam,FALSE,0,NA,11/25/2021 18:55,FALSE,NA,1.46394E+18,NA,"<a href=""https://www.radioking.com"" rel=""nofollow"">Radio King LiveTweet</a>",UiKRadio,0,FALSE,FALSE,NA,NA
192,"I'm going for a look that says ""Simultaneously Jodie Foster in Taxi Driver and her pimp"" https://t.co/MzAXWFCbSP",FALSE,9,NA,11/25/2021 18:40,FALSE,NA,1.46394E+18,NA,"<a href=""http://twitter.com/download/android"" rel=""nofollow"">Twitter for Android</a>",VixxxViolet,0,FALSE,FALSE,NA,NA
193,"@MSANNCOOPER @PatrickChristys @GBNEWS Gets better, Having a contract with taxi firms to ferry them anywhere they want.",FALSE,3,MSANNCOOPER,11/25/2021 18:08,FALSE,1.46387E+18,1.46393E+18,128664953,"<a href=""http://twitter.com/#!/download/ipad"" rel=""nofollow"">Twitter for iPad</a>",SJ141123,0,FALSE,FALSE,NA,NA
194,"@Dinkeldash not a us citizen as you know but i can see certain jobs being mandated, certainly health / social care… https://t.co/HQulHaI8vh",FALSE,0,Dinkeldash,11/25/2021 17:08,TRUE,1.46392E+18,1.46392E+18,3151312570,"<a href=""https://mobile.twitter.com"" rel=""nofollow"">Twitter Web App</a>",billysastard1,0,FALSE,FALSE,NA,NA
195,"Don’t let a pre-Thanksgiving party squash your holiday meal. If you’ve been drinking, call a sober friend, taxi or… https://t.co/rf74zNilBW",FALSE,0,NA,11/25/2021 17:00,TRUE,NA,1.46392E+18,NA,"<a href=""https://about.twitter.com/products/tweetdeck"" rel=""nofollow"">TweetDeck</a>",JHCCTraumaBurn,0,FALSE,FALSE,NA,NA
196,Taxi cabs used to literally not take you to Southeast. That’s how wild it was. What a time. <U+0001F629><U+0001F629><U+0001F629>,FALSE,0,NA,11/25/2021 16:58,FALSE,NA,1.46392E+18,NA,"<a href=""http://twitter.com/download/iphone"" rel=""nofollow"">Twitter for iPhone</a>",Black_BuddaFlyy,0,FALSE,FALSE,NA,NA
197,Fetish Priest arrested for allegedly shooting taxi driver https://t.co/gmXWRzVuGY,FALSE,0,NA,11/25/2021 15:28,FALSE,NA,1.46389E+18,NA,"<a href=""http://publicize.wp.com/"" rel=""nofollow"">WordPress.com</a>",sankofaradio,0,FALSE,FALSE,NA,NA
198,"Personally, I'm more curious about the Japanese equivalent of Sing and Zootopia, Odd Taxi. #MacysParade",FALSE,1,NA,11/25/2021 14:29,FALSE,NA,1.46388E+18,NA,"<a href=""https://mobile.twitter.com"" rel=""nofollow"">Twitter Web App</a>",TnAdct1,0,FALSE,FALSE,NA,NA
199,@BaZZa4K Congratulations to her bro <U+0001F44F><U+0001F3FB><U+0001F44F><U+0001F3FB><U+0001F44F><U+0001F3FB><U+0001F44F><U+0001F3FB> and smashing news about your new taxi service <U+0001F923><U+0001F44A><U+0001F3FB><U+0001F44D><U+0001F3FB>,FALSE,3,BaZZa4K,11/25/2021 12:38,FALSE,1.46384E+18,1.46385E+18,2921504703,"<a href=""http://twitter.com/#!/download/ipad"" rel=""nofollow"">Twitter for iPad</a>",_steve_0,0,FALSE,FALSE,NA,NA
200,Taxi Studio designs new holiday packaging range for Tim Hortons https://t.co/QzSGvcI3g2,FALSE,0,NA,11/25/2021 12:00,FALSE,NA,1.46384E+18,NA,"<a href=""http://www.einnews.com"" rel=""nofollow"">EIN Presswire</a>",EINPresswirePR,0,FALSE,FALSE,NA,NA
201,"<U+26A0> Parking availability is extremely limited <U+26A0>
Garages are accommodating advance reservations only, &amp; Economy Lot is… https://t.co/hzikVYaeza",FALSE,10,NA,11/25/2021 11:43,TRUE,NA,1.46384E+18,NA,"<a href=""http://www.salesforce.com"" rel=""nofollow"">Salesforce - Social Studio</a>",Reagan_Airport,7,FALSE,FALSE,NA,NA
202,"Anyone need a taxi <U+0001F696>, Good morning https://t.co/V5h9NDyR14",FALSE,3,NA,11/25/2021 11:18,FALSE,NA,1.46383E+18,NA,"<a href=""http://twitter.com/download/android"" rel=""nofollow"">Twitter for Android</a>",SavannahLorenz7,0,FALSE,FALSE,NA,NA
203,@flyspicejet Many co passengers said that they had similar experience many times with spice jet. So this is not a o… https://t.co/hjDIpQwgid,FALSE,0,flyspicejet,11/25/2021 9:40,TRUE,1.4638E+18,1.4638E+18,39214789,"<a href=""http://twitter.com/download/iphone"" rel=""nofollow"">Twitter for iPhone</a>",bdheepa,0,FALSE,FALSE,NA,NA
204,@JPARKJMC Link Click and Odd Taxi are good ones I seen recently.,FALSE,3,JPARKJMC,11/25/2021 6:57,FALSE,1.46376E+18,1.46376E+18,9.62995E+17,"<a href=""http://twitter.com/download/android"" rel=""nofollow"">Twitter for Android</a>",aegis_CSGO,0,FALSE,FALSE,NA,NA
205,Hot take: Ai will take over literally every job on the planet at one point. From coders and engineers to taxi drive… https://t.co/bVcBJTd44m,FALSE,1,NA,11/25/2021 2:21,TRUE,NA,1.46369E+18,NA,"<a href=""http://twitter.com/download/iphone"" rel=""nofollow"">Twitter for iPhone</a>",alexyc9381,0,FALSE,FALSE,NA,NA
206,#NowPlaying Demi Louise - Taxi Driver https://t.co/obRAhMfrtP,FALSE,0,NA,11/25/2021 1:13,FALSE,NA,1.46368E+18,NA,"<a href=""https://www.radioking.com"" rel=""nofollow"">Radio King LiveTweet</a>",UiKRadio,0,FALSE,FALSE,NA,NA
207,@ellen_adair I will defend this movie because it’s a pseudo-reunion of “Taxi” and also because I had my 9th birthda… https://t.co/PH3rh4Xk0c,FALSE,0,ellen_adair,11/25/2021 0:50,TRUE,1.46355E+18,1.46367E+18,278287206,"<a href=""http://twitter.com/download/iphone"" rel=""nofollow"">Twitter for iPhone</a>",knickerbacker,0,FALSE,FALSE,NA,NA
208,Hilarious that @laurentslits thinks anyone believes that anyone at @uber cares about the state of drivers.… https://t.co/qk5oAHsEqq,FALSE,0,NA,11/25/2021 0:44,TRUE,NA,1.46367E+18,NA,"<a href=""https://mobile.twitter.com"" rel=""nofollow"">Twitter Web App</a>",TheDeliveryUnd1,0,FALSE,FALSE,NA,NA
209,"@xfields And when two planes hit each other as they taxi, that's an ""accident"". It's an umbrella term.",FALSE,0,KDbyProxy,11/25/2021 0:42,FALSE,1.46367E+18,1.46367E+18,2903969204,"<a href=""https://mobile.twitter.com"" rel=""nofollow"">Twitter Web App</a>",KDbyProxy,0,FALSE,FALSE,NA,NA
210,Feels like i am choosing a favourite child between this and Taxi Driver. I think Silence is my top Scorsese. https://t.co/awvHz2hkcO,FALSE,1,NA,11/24/2021 23:32,FALSE,NA,1.46365E+18,NA,"<a href=""http://twitter.com/download/android"" rel=""nofollow"">Twitter for Android</a>",MunozRoobin,0,FALSE,FALSE,NA,NA
211,In a taxi en route home and husband emails me to tell me he's not only bought me the Sims but an expansion pack I'v… https://t.co/zPms2m9enW,FALSE,13,NA,11/24/2021 22:54,TRUE,NA,1.46364E+18,NA,"<a href=""http://twitter.com/download/android"" rel=""nofollow"">Twitter for Android</a>",victoriafinan,0,FALSE,FALSE,NA,NA
212,Are we only a few years away from taking electric aircrafts instead of taxis? Cheaper batteries could make the sky… https://t.co/cE3yHSSCNK,FALSE,0,NA,11/24/2021 22:28,TRUE,NA,1.46364E+18,NA,"<a href=""https://mobile.twitter.com"" rel=""nofollow"">Twitter Web App</a>",JITTIUSA,0,FALSE,FALSE,NA,NA
213,@wiczipedia @RachelRizzo I insist that Dulles unfairly gets a bad rap. With Global Entry and not checking bags I ha… https://t.co/zyXhvSfJyG,FALSE,7,wiczipedia,11/24/2021 20:10,TRUE,1.4636E+18,1.4636E+18,473393426,"<a href=""http://twitter.com/download/iphone"" rel=""nofollow"">Twitter for iPhone</a>",tcwittes,0,FALSE,FALSE,NA,NA
214,"@SarahLynneKline the day after she discharged, because a taxi couldn’t fit all of the equipment he had to take for… https://t.co/JAYEJj3ZJx",FALSE,0,AustinCarrigg,11/24/2021 20:03,TRUE,1.4636E+18,1.4636E+18,25195282,"<a href=""http://twitter.com/download/iphone"" rel=""nofollow"">Twitter for iPhone</a>",AustinCarrigg,0,FALSE,FALSE,NA,NA
215,"The FAA is streamlining the process for certifying flight schools, maintenance providers and charter/air taxi opera… https://t.co/GP3T3wIMLl",FALSE,16,NA,11/24/2021 20:00,TRUE,NA,1.4636E+18,NA,"<a href=""https://sproutsocial.com"" rel=""nofollow"">Sprout Social</a>",FAANews,6,FALSE,FALSE,NA,NA
216,"@Expedia FA: Travel miles as much as possible esp for flight upgrades (<U+0001F60D>), walking or using public transport instea… https://t.co/rsnPPsY2PF",FALSE,0,Expedia,11/24/2021 19:53,TRUE,1.4636E+18,1.4636E+18,17365848,"<a href=""http://twitter.com/download/iphone"" rel=""nofollow"">Twitter for iPhone</a>",dukeofEarlGray,0,FALSE,FALSE,NA,NA
217,@DrJSherrington Winchester to Soton on a Sunday: (luckily) National Express then taxi (normal bus would not have ta… https://t.co/X4cAhR9One,FALSE,2,DrJSherrington,11/24/2021 19:51,TRUE,1.46358E+18,1.4636E+18,2516688202,"<a href=""http://twitter.com/download/android"" rel=""nofollow"">Twitter for Android</a>",MunchkinDr,0,FALSE,FALSE,NA,NA
218,Rode in a natty G car for the first time. Didn’t even know it until the taxi driver pulled up to the gas station an… https://t.co/b2aaFrSMO3,FALSE,2,NA,11/24/2021 18:57,TRUE,NA,1.46358E+18,NA,"<a href=""http://twitter.com/download/iphone"" rel=""nofollow"">Twitter for iPhone</a>",MuzzMuzzington,0,FALSE,FALSE,NA,NA
219,"Don’t let a pre-Thanksgiving party squash your holiday meal. If you’ve been drinking, call a sober friend, taxi, or… https://t.co/9BfMm5Z4DP",FALSE,2,NA,11/24/2021 18:00,TRUE,NA,1.46357E+18,NA,"<a href=""https://about.twitter.com/products/tweetdeck"" rel=""nofollow"">TweetDeck</a>",staffcosheriff,0,FALSE,FALSE,NA,NA
220,"Xmas shopping with my mum in Manchester tomorrow, please wish for me many spoons and no pain. We’re going to Afflec… https://t.co/RVS4lAqSrB",FALSE,3,NA,11/24/2021 17:39,TRUE,NA,1.46356E+18,NA,"<a href=""http://twitter.com/download/iphone"" rel=""nofollow"">Twitter for iPhone</a>",cheaprhyme,0,FALSE,FALSE,NA,NA
221,taxi driver dir. martin scorcese 1970-something https://t.co/xrg8VtzFr7,FALSE,2,NA,11/24/2021 17:16,FALSE,NA,1.46356E+18,NA,"<a href=""http://twitter.com/download/iphone"" rel=""nofollow"">Twitter for iPhone</a>",aeneashemphill,0,FALSE,FALSE,NA,NA
222,Free taxi service to COVID-19 vaccination and testing sites for residents 65+ and residents with disabilities. https://t.co/1RL3mNVoYv,FALSE,0,NA,11/24/2021 17:00,FALSE,NA,1.46355E+18,NA,"<a href=""https://www.hootsuite.com"" rel=""nofollow"">Hootsuite Inc.</a>",RideOnMCT,0,FALSE,FALSE,NA,NA
223,@WHCOS @MrJonCryer found an appoint in a different city. Uber says they have NO avail drivers. I can't drive due to… https://t.co/mFHQHpVhtC,FALSE,0,FuzzyWuzHere,11/24/2021 16:14,TRUE,1.46354E+18,1.46354E+18,9.05542E+17,"<a href=""https://mobile.twitter.com"" rel=""nofollow"">Twitter Web App</a>",FuzzyWuzHere,0,FALSE,FALSE,NA,NA
224,"@TeaPainUSA Funny because literally any other job in America, their shit would be put in a box and they would be wa… https://t.co/JFgjLER57q",FALSE,0,TeaPainUSA,11/24/2021 16:02,TRUE,1.46352E+18,1.46354E+18,2421067430,"<a href=""http://twitter.com/download/android"" rel=""nofollow"">Twitter for Android</a>",democracymuse,0,FALSE,FALSE,NA,NA
225,"@BrentScher @Kredo0 @KamalaHarris Is this worse than the $1,000,000 limo/taxi in Ireland (for 2 days) a few years b… https://t.co/9fghUCJaLi",FALSE,1,BrentScher,11/24/2021 16:02,TRUE,1.46325E+18,1.46354E+18,34771939,"<a href=""http://twitter.com/download/android"" rel=""nofollow"">Twitter for Android</a>",Kara_cares,0,FALSE,FALSE,NA,NA
226,"@Travel_StLucia @JetBlue Cool, then you get there and have a taxi tell you they want $60 for a 5 min, 2 mile ride.… https://t.co/PH6mqA7uJM",FALSE,0,Travel_StLucia,11/24/2021 16:01,TRUE,1.46354E+18,1.46354E+18,48699128,"<a href=""http://twitter.com/download/android"" rel=""nofollow"">Twitter for Android</a>",stylistvg,0,FALSE,FALSE,NA,NA
227,#NowPlaying Demi Louise - Taxi Driver https://t.co/IOAYHET2nM,FALSE,0,NA,11/24/2021 15:58,FALSE,NA,1.46354E+18,NA,"<a href=""https://www.radioking.com"" rel=""nofollow"">Radio King LiveTweet</a>",UiKRadio,0,FALSE,FALSE,NA,NA
228,Enjoy this time with family and friends. #HappyThanksgiving! Request a taxi out of town or around town at… https://t.co/rqbPmCy0uX,FALSE,0,DCYellowCab,11/24/2021 15:06,TRUE,1.46281E+18,1.46352E+18,1225520731,"<a href=""https://mobile.twitter.com"" rel=""nofollow"">Twitter Web App</a>",DCYellowCab,0,FALSE,FALSE,NA,NA
229,"THEN, I find a CVS appointment (far away) and Uber says THEY have no rides available around 2pm-ish. I have to trus… https://t.co/EawjMg9ij6",FALSE,0,FuzzyWuzHere,11/24/2021 14:37,TRUE,1.4635E+18,1.46352E+18,9.05542E+17,"<a href=""https://mobile.twitter.com"" rel=""nofollow"">Twitter Web App</a>",FuzzyWuzHere,0,FALSE,FALSE,NA,NA
230,“TAXI!”…..@BillyW71 @AFCSudbury https://t.co/xu2AZlqq2K,FALSE,11,NA,11/24/2021 13:33,FALSE,NA,1.4635E+18,NA,"<a href=""http://twitter.com/download/iphone"" rel=""nofollow"">Twitter for iPhone</a>",Walshy_YNWA,0,FALSE,FALSE,NA,NA
231,@SenSanders Bless Americans as well <U+2764><U+FE0F><U+0001F499><U+0001F90D><U+0001F1FA><U+0001F1F8>,FALSE,0,SenSanders,11/24/2021 13:21,FALSE,1.46327E+18,1.4635E+18,29442313,"<a href=""http://twitter.com/download/iphone"" rel=""nofollow"">Twitter for iPhone</a>",politician_taxi,0,FALSE,FALSE,NA,NA
232,@SenSanders The party system is all about the devil and the devils job is to divide the people and country. Now if… https://t.co/GInk8Eq5F7,FALSE,0,SenSanders,11/24/2021 13:21,TRUE,1.46327E+18,1.4635E+18,29442313,"<a href=""http://twitter.com/download/iphone"" rel=""nofollow"">Twitter for iPhone</a>",politician_taxi,0,FALSE,FALSE,NA,NA
233,"@SenSanders Senator Bernie, I am TaxiPolitician.  I’d like you to come out of your daydream that wealthy people are… https://t.co/bjNsmS9jxO",FALSE,0,SenSanders,11/24/2021 13:19,TRUE,1.46327E+18,1.4635E+18,29442313,"<a href=""http://twitter.com/download/iphone"" rel=""nofollow"">Twitter for iPhone</a>",politician_taxi,0,FALSE,FALSE,NA,NA
234,"@StewLeonardJr luv your #MashedPotatoes index!  

My personal indexing, I talk to cab/taxi drivers.  Best way to po… https://t.co/dktBfm9pau",FALSE,0,StewLeonardJr,11/24/2021 13:16,TRUE,NA,1.4635E+18,176806814,"<a href=""http://twitter.com/#!/download/ipad"" rel=""nofollow"">Twitter for iPad</a>",moblum,0,FALSE,FALSE,NA,NA
235,@minyoungleeis Two of my favorite Korean movies are Taxi driver and 1987: when the day comes,FALSE,2,minyoungleeis,11/24/2021 12:46,FALSE,1.46337E+18,1.46349E+18,9.71586E+17,"<a href=""http://twitter.com/download/android"" rel=""nofollow"">Twitter for Android</a>",chngthengteng,0,FALSE,FALSE,NA,NA
236,@TimesofIsrael So how did sheikh Nahyan arrive? Did he take the bus? Or did he taxi one of his new planes?,FALSE,0,TimesofIsrael,11/24/2021 11:00,FALSE,1.46346E+18,1.46346E+18,432557320,"<a href=""http://twitter.com/download/android"" rel=""nofollow"">Twitter for Android</a>",luntjames07,0,FALSE,FALSE,NA,NA
237,@TaraW500 @TheMaverick21 I love MASH. Also Taxi and Barney Miller.,FALSE,1,TaraW500,11/24/2021 9:02,FALSE,1.46343E+18,1.46343E+18,7.56982E+17,"<a href=""http://twitter.com/download/iphone"" rel=""nofollow"">Twitter for iPhone</a>",itsonlywords,0,FALSE,FALSE,NA,NA
238,Taxi driver ur my shrink for the hour,FALSE,3,NA,11/24/2021 5:32,FALSE,NA,1.46338E+18,NA,"<a href=""http://twitter.com/download/iphone"" rel=""nofollow"">Twitter for iPhone</a>",TOMMYNOHILFGER,0,FALSE,FALSE,NA,NA
239,@cooltxchick @StevijoPayne Loved that show. Taxi and Newhart were also very progressive and inclusive. Have we regressed?,FALSE,3,cooltxchick,11/24/2021 4:51,FALSE,1.46334E+18,1.46337E+18,22803269,"<a href=""http://twitter.com/download/iphone"" rel=""nofollow"">Twitter for iPhone</a>",MsBarron19,0,FALSE,FALSE,NA,NA
240,Bro I lost my fucking taxi 12s,FALSE,0,NA,11/24/2021 4:41,FALSE,NA,1.46337E+18,NA,"<a href=""http://twitter.com/download/iphone"" rel=""nofollow"">Twitter for iPhone</a>",Karonnn___,0,FALSE,FALSE,NA,NA
241,The unlicensed taxi cab driver accused of shooting a man over a fare in west Baltimore has been captured. https://t.co/4GSn8KxeCQ,FALSE,1,NA,11/24/2021 4:37,FALSE,NA,1.46337E+18,NA,"<a href=""https://about.twitter.com/products/tweetdeck"" rel=""nofollow"">TweetDeck</a>",FOXBaltimore,1,FALSE,FALSE,NA,NA
242,#NowPlaying Demi Louise - Taxi Driver https://t.co/DR7RNnq2Ci,FALSE,0,NA,11/24/2021 2:00,FALSE,NA,1.46333E+18,NA,"<a href=""https://www.radioking.com"" rel=""nofollow"">Radio King LiveTweet</a>",UiKRadio,0,FALSE,FALSE,NA,NA
243,"@TeamPulte Playing taxi for my adult children. (We are a 1 car family with multiple jobs, but thank God for the 1 car!)",FALSE,0,TeamPulte,11/24/2021 1:05,FALSE,1.46327E+18,1.46331E+18,1.16049E+18,"<a href=""http://twitter.com/download/android"" rel=""nofollow"">Twitter for Android</a>",SusanOMalley18,0,FALSE,FALSE,NA,NA
244,What can studying London cabbies tell us about preventing Alzheimer’s disease? Find out at https://t.co/cVYi0ceimS,FALSE,0,NA,11/24/2021 0:00,FALSE,NA,1.4633E+18,NA,"<a href=""https://www.hootsuite.com"" rel=""nofollow"">Hootsuite Inc.</a>",NC4HR,0,FALSE,FALSE,NA,NA
245,"@eleventhirtyate @MagnetoRocks @NumidianPrime @visor_t Nope, KJA. 

Ackbar, Supreme Commander of the NRDF, also moo… https://t.co/rF3wKeR3PI",FALSE,2,eleventhirtyate,11/23/2021 23:53,TRUE,1.46329E+18,1.46329E+18,1458707334,"<a href=""https://mobile.twitter.com"" rel=""nofollow"">Twitter Web App</a>",AdmiralNick22,0,FALSE,FALSE,NA,NA
246,"I rock red diamonds like a maxipad
Yellow diamonds like a taxi cab",FALSE,1,NA,11/23/2021 23:33,FALSE,NA,1.46329E+18,NA,"<a href=""http://twitter.com/download/iphone"" rel=""nofollow"">Twitter for iPhone</a>",10_Saul_17,0,FALSE,FALSE,NA,NA
247,@kylempatrick Ring taxi for seven? Yes please,FALSE,1,kylempatrick,11/23/2021 22:07,FALSE,1.46327E+18,1.46327E+18,30077057,"<a href=""http://twitter.com/download/android"" rel=""nofollow"">Twitter for Android</a>",evanwritescars,0,FALSE,FALSE,NA,NA
248,"Driving through LA, heading to LB and holy f*ck taxi drivers are idiots. Like idk if your passenger got you all mes… https://t.co/xJ9SAHq8GJ",FALSE,0,NA,11/23/2021 21:45,TRUE,NA,1.46326E+18,NA,"<a href=""http://twitter.com/download/iphone"" rel=""nofollow"">Twitter for iPhone</a>",DreadHarbinger,0,FALSE,FALSE,NA,NA
249,"Drinking and driving should never be on the menu. Call a sober friend, taxi, or ride share to get you home safely.… https://t.co/GE7TwqWT9o",FALSE,1,NA,11/23/2021 21:00,TRUE,NA,1.46325E+18,NA,"<a href=""https://about.twitter.com/products/tweetdeck"" rel=""nofollow"">TweetDeck</a>",staffcosheriff,1,FALSE,FALSE,NA,NA
250,"Today’s liberal, woke Hollywood doesn’t make family films with characters you can root for. You know, like The Godfather or Taxi Driver.",FALSE,0,NA,11/23/2021 20:33,FALSE,NA,1.46324E+18,NA,"<a href=""http://twitter.com/download/iphone"" rel=""nofollow"">Twitter for iPhone</a>",cofitzgerald,0,FALSE,FALSE,NA,NA
251,"Drinking and driving should never be on the menu.  Call a sober friend, taxi, or ride share to get you home safely.… https://t.co/P0RKMBSsh4",FALSE,0,NA,11/23/2021 20:26,TRUE,NA,1.46324E+18,NA,"<a href=""https://mobile.twitter.com"" rel=""nofollow"">Twitter Web App</a>",CAASAmd,0,FALSE,FALSE,NA,NA
252,@GuidoFawkes Maybe he should be paying the taxi driver,FALSE,1,GuidoFawkes,11/23/2021 20:03,FALSE,1.46324E+18,1.46324E+18,465973,"<a href=""https://mobile.twitter.com"" rel=""nofollow"">Twitter Web App</a>",brianhprobert,0,FALSE,FALSE,NA,NA
253,"With Uber and Lyft prices rising, passengers return to the original ride-hailing service: taxicabs https://t.co/1Lk7WcAtE5 via @MarketWatch",FALSE,8,NA,11/23/2021 19:40,FALSE,NA,1.46323E+18,NA,"<a href=""https://mobile.twitter.com"" rel=""nofollow"">Twitter Web App</a>",Firefly_Cities,0,FALSE,FALSE,NA,NA
254,Greet the holiday season using @goDCgo's Winter Wonder Guide! We've highlighted some of DC's staple free and/or low… https://t.co/TmgI6bP0QC,FALSE,2,NA,11/23/2021 19:30,TRUE,NA,1.46323E+18,NA,"<a href=""http://www.hubspot.com/"" rel=""nofollow"">HubSpot</a>",goDCgo,1,FALSE,FALSE,NA,NA
